Kmax,Ku,n,halfmax,Vhalf,slope
3.319,0.0001856,0.8535,598.9,-3.446,0.005542
898600,0.0005047,0.9681,433200000,-5.348,0.002074
406400,0.0005231,0.8583,94120000,-3.145,0.004318
0.9957,0.02376,1.096,357.2,-72.86,0.002788
1.11,0.0001489,1.478,2057,-6.114,0.0005396
0.8654,0.002728,0.7842,71.1,-1.725,0.01217
3.08,0.0001943,0.9075,780.9,-2.784,0.003944
39520,0.00074,0.5526,1719000,-3.97,0.02299
101400,2.759e-05,0.5045,1920000,-160.6,0.05281
1.515,0.0007823,1.08,833.8,-4.11,0.001817
203300,0.0004875,0.9563,89510000,-3.806,0.002271
3287000,0.0006859,0.7735,407100000,-66.1,0.008074
2.295,0.0007849,0.8836,525.4,-4.357,0.004368
126800,0.0009795,0.5549,5850000,-1.852,0.02168
1.321,0.0006354,1.364,3192,-6.077,0.0004138
321300,0.0001622,0.6278,19410000,-5.916,0.01655
0.6917,0.002584,2,9353,-85.05,7.395e-05
2040000,0.0005407,0.8002,354300000,-3.094,0.005758
276200,0.0001635,0.6272,17260000,-3.983,0.016
2551000,0.0007243,0.754,312100000,-10.81,0.008174
436100,0.0001617,0.7502,58710000,-6.913,0.007428
11.42,0.00105,0.645,707.3,-83.13,0.01615
237400,0.000559,0.881,64050000,-2.577,0.003706
8.876,0.03084,0.5,345.5,-6.103,0.02569
1740000,0.0005967,0.8826,430300000,-66.83,0.004044
1.046,0.004572,0.6514,51.73,-11.75,0.02022
0.9238,0.005129,0.812,100,-1.32,0.009238
85270,0.001519,0.5543,3251000,-80.75,0.02623
904000,0.0005587,0.9967,379800000,-8.346,0.00238
280700,0.0007111,0.6761,27080000,-7.319,0.01037
2.35,0.0006362,0.7994,302.4,-5.702,0.007771
1.424,0.0009223,0.983,265.8,-74.95,0.005357
1.894,0.8785,0.7185,144.1,-147.9,0.01314
0.6463,0.002758,1.979,12750,-3.635,5.069e-05
5.306,0.001059,0.6595,403.5,-1.557,0.01315
1.712,0.001072,1.095,825.6,-82.88,0.002074
2.19,0.0008808,0.8113,237.4,-78.23,0.009225
938300,0.0005452,1.062,606600000,-12.02,0.001547
1.507,0.0006163,1.145,1232,-5.489,0.001223
1.535,0.0005731,1.052,638.2,-7.185,0.002405
0.7122,0.001714,1.415,785.9,-61.8,0.0009062
54440,0.000176,0.7304,6427000,-5.7,0.008471
2.787,0.000224,1.059,1654,-6.216,0.001685
907900,0.0006438,0.7866,120500000,-63.6,0.007534
3.36,0.0002185,0.9496,857.1,-1,0.00392
0.6513,0.0008432,2,6998,-18.58,9.307e-05
924000,0.0005314,1.11,841800000,-13.84,0.001098
2012000,0.0005444,0.9315,768100000,-3.851,0.002619
27.06,0.0008549,0.694,2784,-7.27,0.00972
1.159,0.0001621,1.072,357.2,-1.076,0.003245
287800,0.001176,0.6168,16340000,-88.49,0.01761
1002000,0.0005989,0.8583,203200000,-71.57,0.004931
1.533,0.000632,1.099,895.3,-6.136,0.001712
1.191,0.01705,0.9041,225.2,-67.48,0.005289
4.952,0.0009365,0.6327,293.6,-3.79,0.01687
5.504,0.0007138,0.7751,840.1,-7.341,0.006552
1.653,0.008048,0.7316,148,-71.33,0.01117
7.031,0.000184,0.8337,1421,-4.146,0.004948
2.47,0.000212,1.061,1560,-2.296,0.001583
721000,0.0005411,0.9495,306200000,-3.382,0.002355
0.8275,0.004123,0.9938,138.9,-62.8,0.005958
232900,0.0005012,0.8229,43510000,-2.334,0.005353
536700,0.0005323,0.9519,242800000,-3.442,0.00221
509100,0.000166,0.6307,32800000,-3.572,0.01552
20390,0.0002007,0.6689,1690000,-1.787,0.01207
2.231,0.0005678,0.9498,701.3,-9.367,0.003181
200600,0.0007962,0.7167,25660000,-6.356,0.007818
9.914,0.0002282,0.8099,1433,-1,0.006918
7.3,0.001098,0.6582,458.3,-85.94,0.01593
0.7034,0.001082,2,12150,-69.33,5.789e-05
2.607,0.0008686,0.7988,379.2,-3.422,0.006875
0.6836,0.001006,2,10760,-14.76,6.353e-05
452800,0.001083,0.6177,30590000,-4.858,0.0148
90290,0.00094,0.6024,5364000,-5.159,0.01683
144100,0.0001598,0.7713,21990000,-9.647,0.006553
0.7373,0.002609,1.498,1403,-6.297,0.0005255
472200,0.001288,0.657,35080000,-88.14,0.01346
1342000,0.0007075,0.6572,115600000,-8.069,0.01161
7.587,0.001067,0.6689,522.7,-82.93,0.01452
1.671,0.001008,0.9627,336.8,-78.93,0.004961
2659000,0.0005515,0.8603,646800000,-3.458,0.004111
1763000,0.0006416,0.8562,370700000,-66.41,0.004756
311300,0.0005729,0.9114,100900000,-3.376,0.003085
13.5,0.0008031,0.6857,1311,-5.033,0.0103
493900,0.0004646,1.163,5.44e+08,-66.6,0.0009079
887100,0.0009337,0.7573,154200000,-6.802,0.005753
2.075,0.001398,0.7835,173.3,-77.53,0.01197
0.7255,0.002092,1.181,231.4,-12.91,0.003135
145200,0.001029,0.6006,9155000,-3.637,0.01586
336000,0.0005733,0.8374,68880000,-1.552,0.004878
586900,0.001023,0.5934,33980000,-5.93,0.01727
2018000,0.0006868,0.6695,135300000,-11.52,0.01492
0.7061,0.001501,1.425,945.6,-4.753,0.0007467
2.204,0.001123,0.9214,462.1,-88.62,0.00477
64.71,0.0007014,0.7898,9429,-9.595,0.006863
738600,0.0005937,0.8344,155300000,-1,0.004756
267900,0.0007633,0.7157,34860000,-4.926,0.007685
2.569,0.000763,0.8501,474.8,-6.921,0.005411
0.6044,0.002789,1.495,1454,-1,0.0004157
2.661,0.006771,0.5,83.42,-66.22,0.0319
108200,0.0001415,0.6199,5846000,-10.18,0.01851
3705000,0.0007065,0.7409,399600000,-18.41,0.009272
2.197,0.0009866,0.9004,417.2,-82.63,0.005266
0.6823,0.001407,2,12850,-12.05,5.31e-05
888500,0.0005944,0.9302,291900000,-72.71,0.003044
0.6448,0.001309,1.279,308.7,-3.949,0.002089
8.194,0.0001827,0.8194,1534,-4.474,0.005342
247800,0.0006405,0.7197,21200000,-64.92,0.01169
1.967,0.004578,0.6722,155,-19.05,0.01269
390800,0.0001502,0.6953,36590000,-9.295,0.01068
866100,0.0005409,0.9841,330300000,-13.42,0.002622
3.633,0.001267,0.6412,186.2,-72.47,0.01951
0.7021,0.001383,2,12470,-61.06,5.63e-05
22460,0.001145,0.5244,719600,-78.99,0.03121
3.233,0.01691,0.5084,94.91,-68.05,0.03406
475100,0.000156,0.6115,25010000,-6.413,0.019
3.958,0.0007852,0.6277,231.5,-1,0.0171
5.239,0.3605,0.5077,169.5,-69.59,0.03091
601200,0.0005957,0.9498,261200000,-3.815,0.002302
2.235,0.0002205,1.191,1889,-1,0.001183
1.084,0.002594,0.6238,53.68,-5.236,0.02019
161900,0.0006145,0.9159,49080000,-69.02,0.003299
1.033,0.005175,0.8916,166.5,-77.16,0.006204
0.6807,0.001234,2,7843,-74.05,8.679e-05
35630,0.001625,0.5642,1451000,-92.41,0.02456
420400,0.0005063,1.004,250700000,-6.657,0.001677
446300,0.0005419,1.169,572200000,-13.77,0.00078
1.191,0.01705,0.9041,225.2,-67.48,0.005289
1.066,0.004472,0.7234,68.47,-7.745,0.01557
0.5596,0.0006115,2,5353,-24.32,0.0001045
280700,0.0007111,0.6761,27080000,-7.319,0.01037
0.9055,0.005471,0.7706,76.2,-8.665,0.01188
730900,0.0008061,0.6021,45020000,-5.542,0.01624
965000,0.0007329,0.6918,79270000,-7.908,0.01217
0.8377,0.005466,1.242,622.9,-11.53,0.001345
3.431,0.0008438,0.6445,208.1,-1.962,0.01649
687800,0.000537,0.9,218200000,-2.752,0.003152
1500000,0.0005265,0.9149,516300000,-2.582,0.002905
1.568,0.0006225,1.082,837.9,-6.445,0.001871
2.428,0.0008908,0.8175,387.1,-3.124,0.006272
45130,0.0001665,0.7823,7381000,-7.379,0.006114
1.215,0.0009631,1.443,2071,-77.79,0.0005867
2.393,0.001254,0.6901,131.1,-75.01,0.01825
4.352,0.001098,0.6788,362.5,-1.272,0.01201
5.251,0.0006356,0.8192,1032,-9.324,0.005088
45810,0.0006811,0.7704,5748000,-15.58,0.00797
558400,0.0001644,0.8043,104300000,-10.11,0.005354
2910000,0.0006729,0.7849,397200000,-61.73,0.007326
4594000,0.0005765,0.8062,682800000,-68.59,0.006728
72060,0.001124,0.505,2090000,-75.36,0.03448
1034000,0.0006542,0.7959,157600000,-14.49,0.006561
0.9521,0.002165,0.9233,172.6,-11.21,0.005516
4277000,0.0007121,0.7649,535700000,-15.04,0.007984
0.6005,0.001117,2,11130,-12.84,5.395e-05
336000,0.0005733,0.8374,68880000,-1.552,0.004878
0.6178,0.001316,2,4660,-81.42,0.0001326
0.7374,0.002552,1.526,2108,-9.232,0.0003498
796300,0.0007318,0.8282,148400000,-17.26,0.005366
0.8644,0.006026,0.802,84.16,-7.448,0.01027
523000,0.0007271,0.6809,52330000,-6.913,0.009994
4.921,0.0001658,0.9491,1860,-6.556,0.002646
7.495,0.0009072,0.7469,1043,-4.249,0.007186
0.9329,0.006634,1.137,340.1,-72.8,0.002743
3606000,0.0006911,0.8148,572800000,-73.77,0.006295
3.179,0.001574,0.6985,216.5,-75.9,0.01468
384000,0.0008879,0.5853,21290000,-3.93,0.01804
110600,0.000393,0.9228,31040000,-1.001,0.003563
3.155,0.001701,0.691,197.6,-78.77,0.01597
1179000,2.816e-05,0.5148,24490000,-149.8,0.04814
331400,0.0001498,0.7564,43270000,-18.2,0.007659
2.444,0.0007696,0.8638,506.8,-4.648,0.004822
621200,0.001137,0.5368,22360000,-77.92,0.02778
0.9329,0.006634,1.137,340.1,-72.8,0.002743
1.592,0.0008555,0.9985,568.1,-2.705,0.002802
0.5912,0.001298,2,11420,-3.692,5.177e-05
0.6415,0.0006975,2,9063,-59.76,7.078e-05
629700,0.0001784,0.688,59620000,-2.318,0.01056
1635000,0.000535,1.01,753800000,-12.1,0.002169
0.8202,0.002583,0.7048,51.34,-2.328,0.01598
1011000,0.00061,0.8609,252500000,-1.816,0.004004
38610,0.0006714,0.7451,4258000,-9.941,0.009068
224400,0.0007957,0.5564,10190000,-4.348,0.02202
173600,0.0006039,0.814,26640000,-67.38,0.006517
8.194,0.0001827,0.8194,1534,-4.474,0.005342
1.387,8.177e-05,1.516,3952,-6.535,0.000351
2.178,0.0002183,1.259,2751,-1,0.0007917
27460,0.0001703,0.8264,6098000,-6.467,0.004503
862100,0.0006057,0.8579,206400000,-1.577,0.004177
1.37,0.001016,1.234,1068,-77.65,0.001283
13.76,0.001167,0.6593,942.4,-86.2,0.0146
1.939,0.0007389,0.8048,256.2,-1.822,0.007568
626000,0.0004695,1.209,975800000,-67.32,0.0006415
430300,0.0006329,0.8045,63040000,-69.25,0.006826
7.065,0.0001795,0.8649,1681,-6.223,0.004203
436500,0.001186,0.741,56080000,-97.08,0.007784
822700,0.0005936,0.9467,314700000,-70.14,0.002614
298100,0.001507,0.5406,10510000,-82.06,0.02836
0.6868,0.002074,2,9081,-150.6,7.563e-05
902000,0.0006218,0.7876,121900000,-68.18,0.0074
321300,0.0005913,0.9248,101800000,-72.84,0.003156
25.67,0.00071,0.831,4579,-14.62,0.005606
225200,0.0008931,0.6717,21140000,-7.219,0.01065
1.608,0.0009742,0.9969,402.9,-76.05,0.003991
9.719,0.0005894,0.6655,762.8,-8.029,0.01274
2243000,0.000624,0.7605,259500000,-66.2,0.008644
929300,0.001166,0.6259,67290000,-5.388,0.01381
1246000,0.0005517,0.8826,346600000,-2.963,0.003595
726400,0.001473,0.5761,32340000,-82.13,0.02246
1156000,0.0005459,1.084,916300000,-13.43,0.001262
3822000,0.0001755,0.6496,2.89e+08,-2.951,0.01322
0.7462,0.002563,1.461,1193,-6.717,0.0006255
4.575,0.0006438,0.837,983,-8.908,0.004654
1.361,0.001049,1.146,573.6,-76.54,0.002373
2182000,0.0006092,0.7237,205800000,-14.94,0.0106
0.613,0.000748,2,9689,-3.566,6.327e-05
1.624,0.0006654,1.114,1059,-8.257,0.001534
5.504,0.0007138,0.7751,840.1,-7.341,0.006552
281300,0.000193,0.8241,63080000,-5.127,0.004459
1345000,0.0005558,0.8855,390600000,-1.959,0.003443
0.7268,0.004479,1.252,576.8,-1.792,0.00126
81640,0.0005612,0.8434,17640000,-1,0.004628
1002000,0.0005771,1.053,887200000,-4.014,0.001129
5.374,0.0006088,1.039,2548,-70.37,0.002109
0.6383,0.001112,2,10610,-60.43,6.016e-05
2012000,0.001167,0.5852,115200000,-1.18,0.01747
32.76,0.0007831,0.6664,2901,-5.403,0.01129
89.96,0.0005839,0.8447,16140,-70.89,0.005574
1340000,0.0001595,0.642,8.7e+07,-5.985,0.0154
227700,0.0001575,0.7546,31280000,-10.85,0.007279
0.7799,0.002989,1.348,572.6,-81.89,0.001362
2.469,0.0007029,0.823,388.8,-5.124,0.00635
5.855,0.01328,0.5,200.8,-33.3,0.02916
1.27,0.001037,1.42,2249,-78.12,0.0005647
609000,0.00102,0.6601,58650000,-3.186,0.01038
4.845,0.0008668,0.8637,1201,-14.59,0.004034
970700,0.0005479,0.8633,245100000,-3.968,0.00396
8.156,0.0008306,0.7126,943.6,-2.81,0.008643
2114000,0.0005265,0.904,697800000,-3.474,0.00303
23.15,0.0001715,0.7323,2569,-5.886,0.009011
1520000,0.0004906,0.9,454900000,-6.4,0.003341
1046000,0.0006493,0.7916,154600000,-15.18,0.006766
3.693,0.0008846,0.9064,1304,-3.704,0.002832
0.7149,0.001716,1.887,4977,-70.85,0.0001436
1607000,0.0006512,0.796,230300000,-68.86,0.006978
0.7162,0.001463,1.386,802.3,-5.106,0.0008927
90190,2.729e-05,0.5068,1734000,-151.3,0.05201
2.297,0.000973,0.9044,439.9,-89.23,0.005222
620100,0.000551,1.095,5.04e+08,-13.56,0.00123
0.666,0.0008704,2,9442,-4.162,7.054e-05
1.663,0.001034,1.052,555.5,-85.96,0.002994
1.601,8.189e-05,1.285,1515,-8.472,0.001057
1498000,0.0005465,0.7944,241100000,-1.178,0.006213
1.605,0.0009231,0.9397,259.1,-78.93,0.006195
1980000,0.0005869,0.9107,678300000,-2.884,0.002919
527200,0.0009646,0.5936,31270000,-3.197,0.01686
527200,0.0009646,0.5936,31270000,-3.197,0.01686
1162000,0.0005745,0.9266,434400000,-2.687,0.002675
1.718,2.381e-05,1.996,24550,-158.7,6.998e-05
2.253,0.0002463,1.225,2375,-1,0.0009486
381700,0.0008007,0.5695,17950000,-6.169,0.02126
340600,0.0007365,0.6174,23500000,-3.856,0.01449
399600,0.0001626,0.7543,55510000,-6.565,0.007199
1650000,0.0007627,0.6835,164900000,-10.74,0.01001
0.7846,0.0042,2,11570,-72.22,6.781e-05
218200,0.0007842,0.7073,25360000,-9.118,0.008604
0.8078,0.002541,1.269,570,-12.4,0.001417
0.6989,0.001257,1.546,1364,-62.2,0.0005124
0.5914,0.0007265,2,5626,-8.789,0.0001051
2142000,0.0006275,0.9105,650900000,-70.24,0.003291
0.7791,0.002741,1.169,318.9,-70.36,0.002443
0.6992,0.001151,2,10050,-69.55,6.957e-05
48780,0.00139,0.5657,2023000,-82.54,0.02411
452800,0.001083,0.6177,30590000,-4.858,0.0148
612700,0.0005276,0.7421,68800000,-1,0.008906
0.7866,0.009913,0.9958,141.9,-16.26,0.005543
1052000,0.0008646,0.6104,69590000,-6.038,0.01512
48.23,0.0005541,0.8792,10960,-69.4,0.004401
2.035,0.000807,0.7923,181.4,-78.14,0.01122
1330000,0.0004968,0.8181,236600000,-6.021,0.005621
0.8495,0.003786,1.357,750.9,-67.86,0.001131
0.7904,0.004742,1.376,764.6,-77.65,0.001034
7789,0.0004895,1.238,15020000,-58.85,0.0005186
2.527,0.001202,0.8375,357.5,-81,0.007069
134700,0.0005609,1.096,106400000,-9.284,0.001266
302900,0.00086,0.5838,16460000,-3.185,0.0184
2.423,0.001064,1.008,951.2,-167.3,0.002547
0.689,0.001599,0.8984,83.39,-2.554,0.008262
261700,0.0001799,0.7514,36320000,-5.608,0.007205
1515000,0.0007174,0.6835,158900000,-5.008,0.009534
1.312,0.0006782,1.213,1120,-6.271,0.001171
0.9125,0.008441,0.8561,92.07,-67.79,0.009911
9332,0.0001853,0.664,709500,-4.197,0.01315
809200,0.0006032,0.8565,195800000,-1.978,0.004133
0.5391,0.001298,1.051,107,-2.406,0.005038
0.6745,0.0009873,2,10700,-27.55,6.304e-05
306800,0.0005823,0.8487,60530000,-66.8,0.005069
643100,0.0005893,1.025,462300000,-3.062,0.001391
0.8987,0.002535,0.8615,90.42,-7.566,0.009939
3991000,0.0006503,0.776,482400000,-67.48,0.008273
139900,0.0005359,1.042,102700000,-6.829,0.001362
1.847,0.1407,0.7388,168.7,-82.44,0.01095
1164000,0.0005119,1.047,677500000,-17.21,0.001718
0.904,0.004512,1.037,195.5,-135.5,0.004624
232400,0.0006012,0.8756,53860000,-69.21,0.004315
2051000,0.0007575,0.7232,199500000,-11.74,0.01028
2.671,0.0002027,0.9931,1108,-3.003,0.002411
1817000,0.000776,0.7541,215800000,-12.5,0.00842
1.975,0.002703,0.5,65.05,-7.711,0.03036
1984000,0.0007475,0.7379,209300000,-11.08,0.009479
642300,0.0007474,0.6973,69250000,-10.17,0.009275
1.246,0.00101,1.477,2940,-80.82,0.0004238
10.1,2.525e-05,0.5779,255.5,-138.6,0.03953
35.19,0.0005806,0.8671,7273,-68.55,0.004838
1232000,0.0008233,0.8178,289100000,-21.96,0.004262
0.637,0.001253,1.89,5777,-6.732,0.0001103
1.397,3.202e-05,2,14610,-145.1,9.562e-05
1.364,0.001104,1.244,980.2,-82.96,0.001392
40150,0.0001626,0.7387,4970000,-5.935,0.008078
1808000,0.0005582,0.8205,328100000,-3.436,0.005511
15.82,0.0001799,0.7766,2416,-3.529,0.006548
15.76,0.00056,0.9385,5658,-1.953,0.002785
23.54,0.0007104,0.639,1701,-5.982,0.01384
2186000,0.0006276,0.7565,237700000,-63.33,0.009196
0.5613,0.0008502,1.99,4664,-66.55,0.0001203
1215000,0.0006432,0.8342,223500000,-67.82,0.005436
1587000,0.000555,0.8272,293800000,-3.131,0.005402
15.76,0.00056,0.9385,5658,-1.953,0.002785
1345000,0.0005558,0.8855,390600000,-1.959,0.003443
0.6286,0.0006898,2,9421,-8.139,6.672e-05
9.347,0.0006995,0.7346,1178,-6.762,0.007935
803400,0.0008492,0.7143,104100000,-7.499,0.007718
1.119,0.00649,0.9251,180.1,-76.89,0.006213
1.117,0.0008869,1.723,7690,-75.36,0.0001453
4.032,0.001361,0.6466,206.3,-79.22,0.01954
3.958,0.0007852,0.6277,231.5,-1,0.0171
1.76,0.001139,0.9692,384.6,-81.72,0.004576
1.804,0.0003813,1.194,1554,-1,0.001161
3.188,0.0004452,0.8249,427.8,-1,0.007452
1052000,0.0008646,0.6104,69590000,-6.038,0.01512
1.105,0.0001596,1.101,351.1,-1.037,0.003147
0.8104,0.001804,0.8656,84.84,-12.52,0.009552
2.896,0.0001623,0.9892,1024,-9.769,0.002828
378200,0.0005525,0.8064,62890000,-1.72,0.006014
0.7454,0.002063,2,9042,-168,8.244e-05
2.105,0.0008247,0.8165,323.3,-1.469,0.006511
290100,0.0006452,0.839,53360000,-69.31,0.005437
1.277,0.005877,0.7501,109.6,-84.64,0.01165
0.6574,0.002165,1.177,250.5,-2.648,0.002624
1.573,0.0009311,1.055,499.6,-82.92,0.003149
0.5487,0.0008438,1.779,2911,-7.205,0.0001885
261700,0.0001799,0.7514,36320000,-5.608,0.007205
362900,0.00124,0.5322,12610000,-75.76,0.02878
1571000,0.0005702,0.7583,207100000,-1.338,0.007586
2423000,3.682e-05,0.6505,130400000,-183.2,0.01858
7.031,0.000184,0.8337,1421,-4.146,0.004948
14.25,0.0002133,0.7843,2427,-1,0.005871
292600,0.0005751,0.7444,33300000,-1.001,0.008787
0.6081,0.001199,2,13610,-4.423,4.468e-05
1365000,0.0005976,0.8235,261900000,-3.727,0.005212
2.369,0.0009391,0.827,303.7,-78.49,0.0078
2.505,3.026e-05,0.9376,318.9,-169.9,0.007855
1.484,0.0006991,0.9441,355,-1.8,0.00418
1.324,2.911e-05,1.474,853.4,-119.1,0.001551
883100,0.0009283,0.5895,50690000,-3.544,0.01742
3.461,0.0001814,0.8045,476,-2.461,0.007271
971000,0.0005094,1.041,764200000,-4.385,0.001271
0.9842,0.01117,1.27,874.5,-82.08,0.001125
1.291,0.0006887,1.231,1209,-5.946,0.001068
3.599,0.00135,0.6366,171.5,-75.87,0.02099
4261000,0.0008613,0.742,677200000,-4.625,0.006292
1.066,0.004472,0.7234,68.47,-7.745,0.01557
0.8772,0.004418,1.115,348.8,-18.31,0.002515
0.626,0.0008661,2,11390,-7.55,5.496e-05
618400,0.0006347,0.761,74870000,-14.27,0.00826
3916,0.0006151,0.7129,335900,-59.26,0.01166
1302000,0.0005233,0.8364,264600000,-3.545,0.004921
0.7122,0.001714,1.415,785.9,-61.8,0.0009062
0.8411,0.00439,1.241,764.3,-13.71,0.0011
65970,0.0001869,0.7401,8734000,-3.121,0.007553
1.531,0.00345,0.5612,66.32,-5.802,0.02309
610900,0.0007176,0.6651,57470000,-5.496,0.01063
12.6,0.001228,0.6288,700.5,-86.22,0.01799
908700,0.0005311,0.88,234800000,-8.39,0.00387
720500,0.0006956,0.7602,88850000,-11,0.008109
1373000,0.0005605,0.8723,378300000,-2.604,0.003629
0.6459,0.000903,2,6640,-76.68,9.727e-05
1.18,0.009645,0.8669,215.9,-12.14,0.005465
90190,0.001011,0.7156,11850000,-4.258,0.007611
1.321,0.0008989,1.104,429.2,-73.49,0.003078
1002000,0.0005989,0.8583,203200000,-71.57,0.004931
421300,0.0001718,0.8245,96670000,-5.634,0.004358
883100,0.0009283,0.5895,50690000,-3.544,0.01742
0.621,0.001324,1.072,126.2,-10.86,0.004921
2903000,0.0005817,0.7863,396900000,-67.69,0.007314
4822000,0.0005898,0.7954,811500000,-1.31,0.005942
1050000,0.0006205,0.8043,162200000,-64.41,0.006473
0.9532,0.001592,0.6124,38.19,-5.958,0.02496
1072000,0.001065,0.6105,75500000,-1.474,0.0142
593200,0.0001564,0.6519,39990000,-9.384,0.01483
3.118,0.001389,0.6626,166.2,-75.66,0.01876
3767000,0.0006091,0.766,461900000,-62.36,0.008155
289600,0.001397,0.5461,10780000,-79.27,0.02686
162300,0.0001885,0.8181,34660000,-5.779,0.004683
1261000,0.0001844,0.7359,161300000,-3.444,0.007818
1.507,0.281,0.6711,85.34,-61.49,0.01766
4492000,0.0006916,0.7535,493600000,-67.31,0.0091
0.7226,0.001224,2,10230,-24.59,7.064e-05
2.28,0.0006839,0.9312,646.3,-9.462,0.003528
2.088,0.0007114,0.9597,754.1,-4.367,0.002769
0.8635,0.004806,1.148,332.3,-82.7,0.002599
27460,0.0001703,0.8264,6098000,-6.467,0.004503
0.6852,0.001152,2,10340,-68.01,6.627e-05
460800,0.0007184,0.7954,71670000,-11.07,0.006429
7.3,0.001098,0.6582,458.3,-85.94,0.01593
1.124,0.003262,0.6669,63.78,-2.771,0.01762
13.97,0.0001656,0.7446,1556,-8.559,0.008978
16.33,0.0002277,0.7543,1735,-1,0.009412
0.6882,0.0009407,2,8572,-68.56,8.028e-05
4797000,0.0006546,0.72,432300000,-63.8,0.0111
42770,0.0002514,0.6824,3576000,-5.828,0.01196
1.317,0.000746,1.255,1548,-5.428,0.0008508
1253000,0.0006255,0.8164,202500000,-66.43,0.006188
5.679,0.0006346,0.9883,1891,-72.45,0.003003
2334000,0.0005668,0.9761,917500000,-8.541,0.002544
406400,0.0005231,0.8583,94120000,-3.145,0.004318
0.7525,0.003501,0.9705,139.2,-5.928,0.005406
2.657,3.022e-05,0.9474,390.5,-144.8,0.006804
0.8166,0.008183,1.628,1841,-150.7,0.0004436
0.7323,0.004303,1.739,4403,-78.27,0.0001663
2281000,0.0005229,0.8436,498400000,-2.351,0.004577
2289000,0.0007756,0.6937,253200000,-7.421,0.00904
1.486,0.0007073,1.049,634.9,-4.736,0.002341
18710,0.001183,0.5105,542000,-77.42,0.03452
0.6243,0.0007179,1.769,2847,-11.52,0.0002193
353300,0.0001631,0.6468,23910000,-5.382,0.01478
2.369,0.0007066,0.8321,408.7,-3.196,0.005796
0.7525,0.003501,0.9705,139.2,-5.928,0.005406
0.6999,0.001528,2,12140,-69.74,5.765e-05
3462000,0.0004838,0.7869,508600000,-2.488,0.006807
2726000,0.0005736,0.9225,970800000,-3.704,0.002808
2.366,3.436e-05,0.9646,336.7,-161.4,0.007027
308700,0.0001539,0.6377,18560000,-9.345,0.01663
1373000,0.0005605,0.8723,378300000,-2.604,0.003629
1.513,2.509e-05,1.353,649.1,-102.7,0.002331
0.7846,0.00411,2,11150,-78.17,7.037e-05
350000,0.0005967,0.8721,88370000,-2.369,0.003961
0.8108,0.0003569,1.81,8166,-1,9.929e-05
4.514,0.0007442,0.8021,827.7,-4.606,0.005454
2289000,0.0007756,0.6937,253200000,-7.421,0.00904
0.7761,0.00199,1.127,232.2,-74.98,0.003342
261700,0.0001799,0.7514,36320000,-5.608,0.007205
4.355,0.0006566,0.9325,1737,-10.27,0.002507
45990,0.001054,0.5727,2298000,-3.808,0.02001
3.052,0.0001865,0.9169,769.7,-4.672,0.003965
1302000,0.0005233,0.8364,264600000,-3.545,0.004921
673800,0.0005217,0.9596,291100000,-8.231,0.002315
185700,0.0001671,0.673,15480000,-5.898,0.012
2.437,0.0001781,1.08,1613,-3.915,0.001511
37030,0.0001834,0.6338,2366000,-2.981,0.01565
1.592,0.0008555,0.9985,568.1,-2.705,0.002802
1.124,0.003262,0.6669,63.78,-2.771,0.01762
970700,0.0005479,0.8633,245100000,-3.968,0.00396
377500,0.00047,1.283,964900000,-68.44,0.0003912
2.766,0.0001686,0.9479,812,-5.061,0.003406
59980,0.0002033,0.8297,14580000,-3.017,0.004114
599000,0.0006952,0.8134,89260000,-72.14,0.006711
10.99,0.0005053,1.038,7084,-3.945,0.001551
174300,0.0001538,0.7091,17090000,-10.48,0.0102
1324000,0.0005961,0.8511,294600000,-2.832,0.004494
399600,0.0001626,0.7543,55510000,-6.565,0.007199
2.469,0.0007029,0.823,388.8,-5.124,0.00635
50.27,0.0001622,0.7107,4704,-9.938,0.01069
0.7311,0.001565,2,9741,-72.81,7.505e-05
858700,0.0006737,0.8283,1.71e+08,-1.521,0.005022
5.446,0.0001681,0.9848,2595,-9.421,0.002099
1.441,0.0007138,0.9622,377.4,-1.546,0.003818
3.124,3.537e-05,1.04,1130,-170.3,0.002765
0.817,0.001796,0.8069,63.3,-15.25,0.01291
1.215,0.0009631,1.443,2071,-77.79,0.0005867
505600,0.0001524,0.7619,69170000,-15.6,0.00731
1221000,0.0006997,0.8624,291400000,-16.58,0.00419
651400,0.0006982,0.5749,34090000,-3.146,0.01911
2.415,0.001111,0.8101,275.2,-80.84,0.008775
1.033,3.083e-05,2,9143,-75.57,0.000113
2.37,0.001272,0.848,334.7,-83.44,0.007081
0.8563,0.002987,1.07,272.4,-71.35,0.003144
12.16,0.0008108,0.6943,1288,-3.089,0.009441
2.216,0.0009827,0.922,462.4,-88.76,0.004792
3.974,0.0008188,0.6258,221,-2.292,0.01798
0.6714,0.001576,1.179,356.9,-64.19,0.001881
1238000,0.0005867,0.9152,446300000,-1.912,0.002774
1.41,0.004516,0.5891,59.48,-21.93,0.02371
1.397,2.755e-05,1.999,12720,-128.6,0.0001098
2443000,0.0006232,0.811,380500000,-66.76,0.00642
2721000,0.0001985,0.7079,261600000,-11.39,0.0104
4489000,0.0006365,0.7541,487900000,-68.93,0.009201
1052000,0.0008646,0.6104,69590000,-6.038,0.01512
349700,0.000176,0.8558,96820000,-6.203,0.003612
1814000,0.0005812,0.7905,294700000,-1.491,0.006155
0.7521,0.00319,1.087,197.8,-2.586,0.003802
1.263,3.167e-05,2,8499,-155.9,0.0001486
803400,0.0008492,0.7143,104100000,-7.499,0.007718
367800,0.0008179,0.5458,16540000,-2.376,0.02224
26590,0.0001517,0.7528,3316000,-14.06,0.008019
0.6191,0.002466,1.428,1078,-1.572,0.0005743
324500,0.0001539,0.7676,46340000,-14.59,0.007003
1.211,3.165e-05,2,10790,-108.8,0.0001122
1792000,0.0001796,0.6828,169200000,-2.832,0.01059
1.137,0.0001578,1.063,298.8,-1.431,0.003805
0.6403,0.00082,2,10930,-59.08,5.858e-05
79620,0.0001629,0.7735,12750000,-7.039,0.006245
0.5897,0.0006327,2,5995,-59.69,9.837e-05
1077000,0.0001431,0.683,91280000,-11.4,0.0118
0.5971,0.0006259,2,7307,-63.01,8.172e-05
1647000,0.0006297,0.7872,254100000,-1.001,0.006482
140800,0.000506,0.9141,45060000,-4.948,0.003125
0.6406,0.001385,1.616,1693,-66.75,0.0003784
15700,0.001033,0.611,878600,-81.97,0.01787
468900,0.000624,0.8176,73790000,-68.48,0.006355
0.6578,0.001112,2,12900,-63.85,5.099e-05
27.89,0.0001668,0.6954,2420,-6.491,0.01152
170700,0.001004,0.7018,18570000,-13.4,0.009192
1.432,0.0007189,1.059,678,-2.753,0.002112
2.346,0.0328,0.6804,184.9,-73.17,0.01269
8.745,0.0008233,0.7047,929.7,-4.697,0.009406
478000,0.0005656,0.828,93670000,-2.143,0.005103
19.03,0.0006781,0.7005,1945,-10.15,0.009784
1283000,0.0006476,0.8146,212200000,-65.83,0.006046
119300,0.0005615,0.8725,27510000,-69.39,0.004337
317100,0.0001641,0.6609,24030000,-5.479,0.0132
204100,0.0007536,0.7949,42030000,-11.28,0.004856
2.076,0.000653,0.9199,565.5,-4.87,0.003671
2.558,0.0006943,0.814,365.9,-7.663,0.006991
2.99,0.001001,0.8219,472.3,-10.38,0.006331
399700,0.001169,0.7351,49350000,-98.65,0.008099
401700,0.0004893,0.8648,97550000,-4.99,0.004118
2.001,0.0001656,1.208,2226,-6.987,0.0008989
2339000,0.0005798,0.7876,311400000,-69.62,0.007511
2312000,0.000604,0.7209,206200000,-66.15,0.01121
2.273,0.001126,0.8344,290.3,-80.63,0.00783
0.6411,0.001025,2,14120,-14.73,4.54e-05
1.246,0.0006992,1.244,1321,-3.778,0.0009432
696100,0.0006978,0.667,61050000,-10.63,0.0114
1.301,2.961e-05,1.497,782.9,-126.2,0.001662
11960,0.00114,0.6248,725000,-84.98,0.0165
1.557,0.00039,1.291,1876,-1.029,0.00083
862100,0.0006057,0.8579,206400000,-1.577,0.004177
10.89,0.0002445,0.8012,1506,-1,0.007231
0.9125,0.008441,0.8561,92.07,-67.79,0.009911
0.6318,0.001882,1.816,2867,-83.97,0.0002204
7.225,2.903e-05,0.5666,160.3,-130.7,0.04507
814800,0.000649,0.7903,112500000,-69,0.007243
1.143,0.0001607,1.094,389.1,-1.009,0.002938
1.605,0.1995,0.6501,82.25,-64.44,0.01951
1002000,0.0005989,0.8583,203200000,-71.57,0.004931
230600,0.001276,0.6048,14480000,-2.984,0.01593
0.7473,0.003231,1.066,153.3,-18.83,0.004875
0.8006,0.004571,1.212,580.2,-4.793,0.00138
0.5549,0.0008441,1.335,386,-1,0.001438
1.215,0.0009631,1.443,2071,-77.79,0.0005867
420400,0.0005063,1.004,250700000,-6.657,0.001677
5.529,0.5084,0.5007,173.4,-68.83,0.03189
1.223,0.0008241,1.384,3594,-2.165,0.0003403
0.6702,0.004584,1.127,245.5,-1.607,0.00273
0.8057,0.003976,0.9796,118.9,-65.98,0.006776
0.6121,0.00106,2,6735,-66.26,9.088e-05
15.77,0.00137,0.6544,1064,-86.16,0.01482
2.54,0.003412,0.5121,87.29,-4.916,0.0291
750300,0.0004657,1.14,745300000,-67.42,0.001007
1.791,0.000984,0.7645,126.2,-70.1,0.01419
0.9585,0.008354,1.254,906.8,-72.95,0.001057
0.596,0.0009011,2,4949,-61.06,0.0001204
941400,0.0005517,1.001,579800000,-4.137,0.001624
32.76,0.0007831,0.6664,2901,-5.403,0.01129
0.7482,0.00271,1.313,656.2,-61.21,0.00114
1122000,0.0009371,0.7413,161400000,-19.62,0.006952
0.6111,0.0008771,2,8931,-17.96,6.842e-05
865900,0.0001553,0.7384,108800000,-8.515,0.007959
1.209,0.0005082,1.287,1452,-5.932,0.0008326
36.81,0.0002453,0.7761,5590,-5.888,0.006585
2090000,0.0001734,0.6964,201500000,-4.509,0.01037
618500,0.0009619,0.6369,47380000,-8.24,0.01305
32.76,0.0007831,0.6664,2901,-5.403,0.01129
0.7034,0.003611,2,16280,-6.618,4.321e-05
0.8104,0.002302,1.202,389,-19.28,0.002083
126300,0.0001749,0.7665,18420000,-7.424,0.006857
1605000,0.0005153,0.7514,1.88e+08,-2.725,0.008537
781700,0.0009885,0.6345,54900000,-14.41,0.01424
214900,0.0007994,0.5605,9987000,-3.165,0.02152
0.8152,0.004483,0.9464,142.9,-1,0.005705
4031000,0.0005674,0.8052,6.73e+08,-3.63,0.00599
0.7634,0.005581,1.124,154.1,-148.5,0.004954
32.35,0.0005881,0.8621,6328,-70.62,0.005112
4.116,0.0009618,0.6523,267.2,-3.44,0.0154
2.765,0.0007476,0.8295,461.6,-7.309,0.00599
1.591,0.0149,0.8697,284.8,-147.7,0.005586
1.022,0.002592,0.6493,56.76,-4.654,0.01801
50.27,0.0001622,0.7107,4704,-9.938,0.01069
3.382,0.0001915,0.8435,608.7,-1.859,0.005556
59160,0.0005553,0.9561,26890000,-2.337,0.0022
4.85,0.0006446,0.8334,1070,-6.636,0.004533
4.217,0.0006802,0.7722,616.2,-5.107,0.006844
499300,0.001009,0.7186,69040000,-2.701,0.007232
1.336,0.0009445,1.107,411.5,-76.72,0.003247
334100,0.0004923,0.8799,86740000,-4.077,0.003852
1.022,0.0001444,1.928,15700,-6.335,6.51e-05
0.6631,0.001009,2,6991,-65.14,9.485e-05
1.669,0.0009977,1.061,615.6,-82.96,0.002711
1.387,0.0009227,1.228,978.9,-80.54,0.001417
6.861,0.1998,0.5,242.9,-14.17,0.02825
2.191,0.0009386,0.9544,588.3,-82.69,0.003724
519100,0.001019,0.5959,31620000,-3.906,0.01642
354100,0.001211,0.5469,13180000,-79.46,0.02687
1.045,0.004476,0.8992,198.6,-10.82,0.005262
6.224,0.0009562,0.6588,394.1,-80.12,0.01579
0.6135,0.001108,1.291,351.1,-1,0.001747
1.536,0.0006947,0.9386,339.6,-3.631,0.004523
2.201,0.001132,0.9997,810.5,-82.55,0.002716
1.652,0.001085,0.8201,140.8,-73.49,0.01173
2.279,0.0006438,0.8049,317.1,-3.573,0.007187
0.6777,0.002635,1.398,847.5,-2.079,0.0007996
0.6314,0.001154,1.945,5474,-11.81,0.0001153
313900,0.0005855,0.8644,79510000,-1,0.003948
0.7226,0.001224,2,10230,-24.59,7.064e-05
1.993,2.807e-05,1.264,1230,-145.2,0.00162
1.112,0.004541,0.8998,181.7,-66.64,0.00612
1.235,0.0102,0.6254,63.37,-10.85,0.01949
805000,0.0005478,0.9611,389100000,-3.107,0.002069
2.741,0.005872,0.5004,93.82,-2.645,0.02922
0.8009,0.0003983,2,21000,-1.051,3.814e-05
11960,0.00114,0.6248,725000,-84.98,0.0165
0.6802,0.002687,1.194,224.9,-64.35,0.003024
1.521,0.001301,1.082,468.2,-86.1,0.003249
0.7722,0.005921,0.9376,90.86,-80.45,0.008499
104.6,2.945e-05,0.626,4449,-154.9,0.02351
1.346,0.004563,0.7633,122.1,-69.87,0.01102
1215000,0.0006432,0.8342,223500000,-67.82,0.005436
1.481,0.0007966,1.096,888.2,-3.85,0.001667
1.403,0.0006292,0.9403,295.6,-2.184,0.004746
3079,3.611e-05,0.691,214300,-150,0.01437
9.407,0.0001998,0.8241,1669,-9.926,0.005636
655500,0.000547,0.953,291100000,-2.432,0.002252
1539000,0.0005579,1.03,806200000,-13.6,0.001909
4545,0.0009328,0.6601,343700,-88,0.01322
1.365,0.0006414,0.9589,315.1,-1.916,0.004332
721000,0.0005411,0.9495,306200000,-3.382,0.002355
2.204,0.0009595,0.9386,522.8,-85.36,0.004216
7.87,0.0007468,0.6767,679.4,-5.176,0.01158
1.706,0.00115,0.9952,421.8,-81.59,0.004045
786200,0.0001834,0.7554,1.13e+08,-5.11,0.006958
2726000,0.0005736,0.9225,970800000,-3.704,0.002808
1.606,0.002153,0.546,54.49,-5.642,0.02947
709400,0.0005995,0.9911,363400000,-70.25,0.001952
0.7202,0.0017,1.812,3606,-70.94,0.0001997
4.783,0.0007002,0.8673,1167,-23.92,0.004099
356800,0.0001858,0.7489,49020000,-4.682,0.007279
1.305,0.000939,1.235,892.3,-77.34,0.001463
1.533,0.000632,1.099,895.3,-6.136,0.001712
1821000,3.414e-05,0.6603,104100000,-145.6,0.01749
1358000,0.0008636,0.6226,92680000,-8.067,0.01465
0.7357,0.002284,2,9122,-81.04,8.065e-05
2.287,0.001044,0.9567,620.1,-88.54,0.003688
15.14,0.0002476,0.783,1928,-1,0.007853
2.749,0.001183,0.8116,345.5,-81.18,0.007957
39.26,0.0007723,0.657,3163,-8.063,0.01241
1.615,0.0007012,1.211,2017,-8.609,0.0008007
5.193,0.000995,0.795,759.8,-85.4,0.006835
2.114,0.004537,0.5002,63.7,-51.23,0.03319
0.9362,0.01605,1.075,357.1,-19.52,0.002622
2.469,0.0007029,0.823,388.8,-5.124,0.00635
2.257,0.001171,0.8264,263.8,-83.44,0.008556
7.57,0.2455,0.5008,274.7,-12.51,0.02756
721000,0.0005411,0.9495,306200000,-3.382,0.002355
839800,0.0001625,0.7456,116100000,-5.381,0.007233
399500,0.0005194,0.8539,85090000,-8.461,0.004695
0.6121,0.00106,2,6735,-66.26,9.088e-05
635500,0.0005357,0.9885,352100000,-5.495,0.001805
362200,0.0008154,0.6485,31010000,-3.42,0.01168
167.5,0.0001697,0.6834,14400,-4.521,0.01163
222800,0.000593,0.7742,30880000,-1.001,0.007215
122400,0.0001721,0.7276,12990000,-22.02,0.009423
977200,0.000894,0.7393,145200000,-10.32,0.00673
0.6738,0.00161,2,13830,-6.733,4.872e-05
1.517,0.0006729,1.19,1711,-4.87,0.0008866
324200,0.0001682,0.787,55120000,-6.888,0.005882
3.599,0.00135,0.6366,171.5,-75.87,0.02099
0.7729,0.002574,0.7972,72.57,-2.08,0.01065
26340,0.0006551,0.7187,2445000,-9.526,0.01077
720600,0.0006057,0.7736,87550000,-66.94,0.008231
78710,0.0008898,0.6046,4889000,-3.539,0.0161
0.8968,0.01754,1.262,621.4,-67.31,0.001443
1272000,0.000526,0.9598,584200000,-4.265,0.002177
1758000,0.0007022,0.566,84090000,-6.481,0.02091
4.277,0.0006523,0.8508,1030,-6.346,0.004152
2041000,0.0005563,0.9419,634900000,-7.811,0.003215
0.8585,0.0003493,1.743,4767,-3.968,0.0001801
1.071,0.0006061,1.463,3054,-2.933,0.0003507
15,0.0006023,0.9254,4225,-70.22,0.00355
1121000,0.0008969,0.6152,76910000,-5.602,0.01458
1374000,0.001047,0.6543,120300000,-8.521,0.01142
753300,0.0005542,1.115,690900000,-11.83,0.00109
2.75,0.00124,0.7975,308.2,-83.92,0.008923
3.08,3.699e-05,0.9274,516.7,-158,0.005961
1072000,0.001065,0.6105,75500000,-1.474,0.0142
0.8432,0.003366,1.067,307,-6.011,0.002747
0.6637,0.001593,2,13220,-5.261,5.02e-05
1.283,0.005657,0.6813,76.63,-10.32,0.01674
6150,0.0006135,0.731,604700,-60.67,0.01017
1638000,0.0005221,1.047,986700000,-13.82,0.00166
912400,0.0006566,0.5668,44740000,-3.83,0.02039
44420,0.0006786,0.7492,5046000,-9.57,0.008803
527600,0.0005979,0.8746,138800000,-1.369,0.003801
2.387,0.0007842,0.7812,308.3,-2.028,0.007742
2147000,0.001041,0.6569,196600000,-4.774,0.01092
7.587,0.001067,0.6689,522.7,-82.93,0.01452
0.9369,0.003193,0.9113,166.6,-7.968,0.005624
297100,0.0008838,0.6753,29510000,-5.065,0.01007
1.441,0.0007138,0.9622,377.4,-1.546,0.003818
112400,0.0009776,0.6022,6214000,-11.73,0.01809
399600,0.0004899,0.8693,100200000,-4.831,0.003988
1676000,0.0005782,1.036,972500000,-8.696,0.001723
2.368,0.0009023,0.8271,376.2,-4.896,0.006295
1.42,0.001191,1.251,1204,-82.83,0.001179
1.541,0.000788,0.9773,455.2,-2.881,0.003385
1.536,0.0006947,0.9386,339.6,-3.631,0.004523
2.585,0.001098,0.786,263.6,-81.04,0.009807
0.97,0.8129,1.314,691.8,-91.36,0.001402
2607000,0.0005597,0.7786,3.86e+08,-1.19,0.006754
3.982,0.0008628,0.6614,291.4,-1,0.01367
2.187,0.0007006,0.9455,701.6,-6.506,0.003117
203700,0.0002026,0.6973,18040000,-10.29,0.01129
0.9362,0.01605,1.075,357.1,-19.52,0.002622
0.7912,0.001624,0.8204,78.11,-4.609,0.01013
0.7536,0.002194,1.759,6395,-62.29,0.0001178
280700,0.0007111,0.6761,27080000,-7.319,0.01037
1831000,0.0005446,1.017,905500000,-9.337,0.002022
1.872,0.007836,0.6873,136.4,-72.28,0.01372
1.819,0.001311,0.9394,346.9,-81.82,0.005244
1.536,0.0006947,0.9386,339.6,-3.631,0.004523
1.515,0.001023,0.9852,325.2,-75.19,0.004659
1.653,0.008048,0.7316,148,-71.33,0.01117
1.523,8.246e-05,1.301,1652,-5.651,0.0009219
1584000,0.0006304,0.9589,657800000,-67.7,0.002408
0.8104,0.001804,0.8656,84.84,-12.52,0.009552
527600,0.0005979,0.8746,138800000,-1.369,0.003801
320800,0.0009614,0.5983,20390000,-1.448,0.01573
2088000,0.000541,0.9261,567800000,-10.77,0.003677
464100,0.0005435,0.7724,63700000,-1,0.007286
468900,0.000624,0.8176,73790000,-68.48,0.006355
4.596,0.000611,1.037,2092,-64.52,0.002197
0.6916,0.001035,2,8147,-75.25,8.489e-05
970700,0.0005479,0.8633,245100000,-3.968,0.00396
19.62,0.0002124,0.7437,2606,-1,0.007529
0.7672,0.002991,1.207,372.5,-70.18,0.00206
0.7428,0.002646,1.645,2283,-70.88,0.0003254
2.565,0.0001726,1.068,1532,-5.83,0.001674
0.9571,0.007681,0.7822,66.95,-72.45,0.0143
0.7162,0.001463,1.386,802.3,-5.106,0.0008927
17.59,0.000255,0.7948,2960,-5.135,0.005943
2668000,0.0006129,0.8978,704500000,-71.27,0.003787
374400,0.0006963,0.7446,56840000,-10.35,0.006587
2.569,0.000763,0.8501,474.8,-6.921,0.005411
78540,0.001027,0.5685,3793000,-4.204,0.02071
1182000,0.0007687,0.6974,138300000,-5.354,0.008547
1.571,8.125e-05,1.216,1013,-6.645,0.001551
222000,0.0005561,0.7526,27330000,-1,0.008123
1598000,0.0005245,1.049,941700000,-9.977,0.001697
3.071,3.592e-05,0.9366,544.5,-142,0.00564
203900,0.0001676,0.847,51150000,-9.142,0.003986
0.9193,0.007483,1.174,396.7,-73.2,0.002317
0.6149,0.001059,1.95,5368,-66.7,0.0001145
20.69,0.0001782,0.7383,2486,-3.621,0.008323
109200,3.474e-05,0.7746,13280000,-144.4,0.008223
134700,0.0006052,0.8784,36450000,-1.19,0.003695
8085000,0.0006104,0.7305,741600000,-68.2,0.0109
1291000,0.0005022,0.8201,2.31e+08,-3.469,0.005589
2.785,0.003342,0.5,90.09,-5.516,0.03091
5.787,0.0007644,0.8007,1027,-9.58,0.005635
0.7667,0.00145,0.9562,110.8,-2.623,0.00692
0.6783,0.002518,0.9637,119.1,-1,0.005695
4.415,0.0006814,0.874,1168,-11.36,0.00378
446100,0.0005502,1.22,810200000,-14.87,0.0005506
0.5391,0.001298,1.051,107,-2.406,0.005038
13.36,0.001151,0.6512,896.7,-80.31,0.0149
1535000,0.0005857,0.954,6.08e+08,-69.37,0.002525
0.9598,0.6013,1.34,781.8,-88,0.001228
757600,0.0006188,0.8827,183400000,-72.13,0.004131
151500,0.0001463,0.6709,11730000,-10.07,0.01292
0.8563,0.002987,1.07,272.4,-71.35,0.003144
1.229,0.02344,1.031,414.6,-98.46,0.002964
3.201,0.0002488,1,1098,-1,0.002915
0.7294,0.001395,2,10050,-65.9,7.258e-05
2591000,0.000544,0.9185,6.84e+08,-7.143,0.003788
0.5488,0.0005611,2,4846,-8.363,0.0001132
173000,0.0001655,0.8282,38510000,-10.66,0.004492
63360,0.001109,0.5768,3274000,-3.398,0.01935
392100,0.0005512,1.049,227500000,-9.561,0.001724
5.188,0.0005909,1.088,3175,-74.14,0.001634
1.387,8.177e-05,1.516,3952,-6.535,0.000351
0.7749,0.01023,1.196,547.3,-2.226,0.001416
449500,0.0005569,1.04,349200000,-3.72,0.001287
0.9643,0.003047,0.8864,152.5,-8.56,0.006323
1.595,9.616e-05,1.397,2891,-9.581,0.0005517
8.156,0.0008306,0.7126,943.6,-2.81,0.008643
0.8104,0.002302,1.202,389,-19.28,0.002083
261700,0.0005178,1.234,514300000,-16.38,0.0005088
576500,0.0005513,0.7727,79650000,-2.464,0.007238
539800,0.0006125,0.9108,157900000,-69.25,0.003419
267500,0.0001642,0.6328,16840000,-5.383,0.01588
479100,0.0007415,0.696,40590000,-7.588,0.0118
4870000,0.0006008,0.7923,660900000,-65.64,0.007369
5.402,0.0001621,0.9354,1828,-9.121,0.002955
688600,0.0005307,1.026,498700000,-3.777,0.001381
984500,0.0005232,0.9839,382500000,-13.09,0.002574
761200,0.001032,0.6475,63160000,-7.271,0.01205
412200,0.0005259,1.236,837100000,-16.88,0.0004924
30980,0.0001838,0.7807,5077000,-6.527,0.006102
1.54,0.0009433,1.077,544.4,-82.66,0.002829
8.35,0.0008826,0.7348,1045,-6.539,0.00799
16.67,0.0002185,0.7774,2675,-1.911,0.006232
691000,0.000161,0.6229,41590000,-4.459,0.01661
261700,0.0001799,0.7514,36320000,-5.608,0.007205
2.807,0.001387,0.6873,166.8,-75.47,0.01683
1.706,0.0007485,0.9291,375.4,-5.618,0.004544
700600,0.0008063,0.707,88050000,-4.741,0.007957
1417000,0.0005896,0.8489,300100000,-6.571,0.004722
143400,0.0007405,0.5568,6670000,-2.1,0.0215
1342000,0.0007075,0.6572,115600000,-8.069,0.01161
1.246,0.0006992,1.244,1321,-3.778,0.0009432
0.6778,0.002596,1.264,584.1,-5.523,0.00116
1.361,0.001049,1.146,573.6,-76.54,0.002373
67.32,0.0001932,0.7176,7116,-5.054,0.00946
0.665,0.001181,1.775,2592,-62.85,0.0002566
0.7444,0.002661,1.059,186.5,-1,0.003991
0.745,0.001846,2,11880,-67.36,6.271e-05
119200,0.0006871,0.5345,4771000,-2.108,0.02498
1.441,0.0007138,0.9622,377.4,-1.546,0.003818
0.7074,0.003255,0.8261,68.53,-10.73,0.01032
0.8083,0.0003528,2,17150,-2.082,4.713e-05
37930,0.0001771,0.7186,4209000,-5.835,0.009012
642300,0.0007474,0.6973,69250000,-10.17,0.009275
0.8341,0.002697,0.8702,100.6,-1.675,0.008291
5784000,0.001216,0.5323,1.98e+08,-80.61,0.02921
594200,0.0007087,0.7892,82580000,-67.56,0.007195
281300,0.000193,0.8241,63080000,-5.127,0.004459
87.18,3.535e-05,0.6189,3584,-148.8,0.02432
373500,0.0008915,0.5906,22280000,-2.067,0.01676
609400,0.0005304,1.091,479200000,-15.28,0.001272
2.313,0.0008936,0.8267,404.5,-1.409,0.005718
1.484,0.0006991,0.9441,355,-1.8,0.00418
809600,3.675e-05,0.5649,25090000,-175.1,0.03227
208700,0.0001943,0.7618,32800000,-2.819,0.006363
1.386,0.00104,1.119,513.9,-76.74,0.002697
935800,0.0005917,0.9108,273500000,-73.7,0.003422
2668000,0.0006129,0.8978,704500000,-71.27,0.003787
933200,0.0005573,0.9897,541300000,-4.436,0.001724
244000,0.0001722,0.8124,50150000,-6.78,0.004865
4606000,0.0006799,0.7651,5.59e+08,-63.45,0.00824
717400,0.0006539,0.7788,98730000,-16.55,0.007266
130800,0.0007689,0.5567,5887000,-3.562,0.02222
2.546,0.001142,0.7788,238.5,-83.92,0.01068
479100,0.0007415,0.696,40590000,-7.588,0.0118
1.144,0.0008857,1.516,2272,-77.49,0.0005035
945300,0.0005598,0.8863,270400000,-2.824,0.003496
2.618,0.0007544,0.8438,491.6,-4.937,0.005325
745600,0.0006029,0.8551,170900000,-2.628,0.004363
577700,0.0005705,0.8849,163900000,-1,0.003525
50020,0.0001635,0.7055,4972000,-8.457,0.01006
905900,0.0006032,0.618,60510000,-5.918,0.01497
1.178,0.0006423,1.231,1099,-2.475,0.001072
1.828,0.0004371,1.175,1415,-1,0.001292
372500,0.0009739,0.702,42990000,-6.896,0.008665
6.002,0.0006823,0.6638,472,-3.545,0.01272
0.6223,0.001242,1.143,199,-1.361,0.003127
0.5798,0.0008831,2,5131,-12.46,0.000113
1743000,0.0005946,0.9189,645700000,-1.797,0.002699
1297000,0.000841,0.8426,397200000,-5.989,0.003265
1.209,0.0005082,1.287,1452,-5.932,0.0008326
2.812,0.001052,0.6469,126.3,-75.85,0.02226
1234000,0.0005585,0.8004,198900000,-3.861,0.006204
527200,0.0009646,0.5936,31270000,-3.197,0.01686
8.491,0.001187,0.6841,650.1,-85.93,0.01306
941600,0.000581,0.9061,305300000,-4.064,0.003084
0.7845,0.004694,2,14660,-63.06,5.351e-05
282600,0.0009297,0.6868,31560000,-2.788,0.008954
6.701,0.0009132,0.7583,1030,-2.504,0.006506
162300,0.0001885,0.8181,34660000,-5.779,0.004683
1.951,3.413e-05,1.242,1070,-175.6,0.001823
0.7184,0.002036,1.089,259.5,-8.668,0.002768
715400,0.0006063,0.9696,271100000,-5.236,0.002639
1342000,0.0007075,0.6572,115600000,-8.069,0.01161
1.872,0.007836,0.6873,136.4,-72.28,0.01372
3.425,0.001397,0.6361,154.1,-78.89,0.02223
6.54,0.2449,0.5042,233.6,-17.97,0.028
3243000,0.0006548,0.897,9.21e+08,-64.48,0.003521
1.936,0.0001811,1.175,1736,-5.154,0.001115
930000,0.0005292,0.8515,211100000,-5.649,0.004405
1545000,0.0007484,0.5811,85730000,-3.466,0.01802
315900,0.0005635,0.8868,91050000,-1.418,0.00347
0.7103,0.002396,2,11730,-78.75,6.055e-05
0.6992,0.001151,2,10050,-69.55,6.957e-05
0.6122,0.0004741,2,9656,-11.75,6.34e-05
1.316,0.0007265,1.293,1971,-6.581,0.0006677
450100,0.0007728,0.6046,28880000,-2.849,0.01559
8.745,0.0008233,0.7047,929.7,-4.697,0.009406
267300,0.0001817,0.611,14790000,-3.623,0.01807
2.128,0.0005656,1.017,1048,-8.21,0.002031
2.702,0.0001695,0.9587,841.4,-4.914,0.003211
1096000,0.0006513,0.7305,113400000,-16.35,0.009665
2.187,0.0006985,0.9482,676.9,-8.994,0.003231
0.6178,0.001283,2,4508,-81.72,0.000137
1345000,0.0008244,0.8311,370400000,-8.264,0.003631
2.368,0.0009023,0.8271,376.2,-4.896,0.006295
1.071,0.0006061,1.463,3054,-2.933,0.0003507
33300,0.0001825,0.769,5134000,-5.045,0.006486
2.008,0.0007239,0.9762,788.9,-4.115,0.002545
3328000,0.0009049,0.6322,244200000,-7.188,0.01363
637800,0.0006739,0.8167,112600000,-16.99,0.005664
1320000,0.000606,0.9599,6.28e+08,-2.611,0.002102
21.4,0.0201,0.5,855.2,-10.11,0.02502
5.306,0.001059,0.6595,403.5,-1.557,0.01315
712500,0.0001613,0.7883,120500000,-8.645,0.005913
239400,0.0001732,0.8374,59120000,-7.05,0.004049
3.505,0.0001774,0.8459,576,-5.868,0.006085
0.7018,0.002203,1.326,628.8,-2.882,0.001116
874900,0.0006121,1.037,612500000,-71.18,0.001428
0.7383,0.003477,2,8834,-175.5,8.357e-05
328400,0.0001959,0.6517,25350000,-1.001,0.01295
0.605,0.0009782,2,11780,-2.598,5.136e-05
1.645,0.0008386,0.9786,531.1,-2.957,0.003097
3415000,0.0006007,0.852,800200000,-2.117,0.004268
0.6938,0.001765,1.521,1233,-59.88,0.0005627
30.03,3.091e-05,0.6038,1065,-170,0.0282
3713000,0.001227,0.5477,145500000,-79.59,0.02552
4.918,0.009691,0.5,160.9,-59.43,0.03057
1.72,0.001038,1.123,957.3,-90.97,0.001797
0.7594,0.003417,1.053,281,-7.635,0.002702
1522000,0.0005787,0.8203,282600000,-1.857,0.005386
805800,0.0001922,0.7868,144300000,-4.016,0.005584
1.16,0.0008817,1.479,1945,-77.75,0.0005964
995200,0.0005565,0.9439,4.24e+08,-2.494,0.002347
1.266,0.0007554,1.276,1740,-3.441,0.0007276
3.123,0.000189,0.8687,611.5,-3.058,0.005107
1743000,0.0005993,0.8352,328900000,-67.63,0.005299
2.076,0.000653,0.9199,565.5,-4.87,0.003671
835100,0.0001517,0.6743,71570000,-7.254,0.01167
2380000,0.0006506,0.7403,242100000,-61.95,0.009831
85.03,0.001217,0.5194,2584,-77.24,0.03291
33.45,3.394e-05,0.633,1459,-138.6,0.02293
131700,0.0006584,0.6494,10930000,-5.434,0.01205
148400,0.0001697,0.729,16670000,-8.34,0.008902
578300,0.001026,0.6388,49160000,-3.524,0.01176
3570000,0.0005838,0.7663,4.68e+08,-1.213,0.007628
945300,0.0005598,0.8863,270400000,-2.824,0.003496
1984000,0.0007475,0.7379,209300000,-11.08,0.009479
3.08,0.0001943,0.9075,780.9,-2.784,0.003944
2380000,0.0006506,0.7403,242100000,-61.95,0.009831
476900,0.0005838,0.9324,139200000,-5.149,0.003426
260800,0.0007522,0.7391,26840000,-16.46,0.009717
0.7818,0.002728,2,11600,-71.29,6.74e-05
0.612,0.001167,2,11170,-9.695,5.479e-05
2.075,0.001398,0.7835,173.3,-77.53,0.01197
3991000,0.0006503,0.776,482400000,-67.48,0.008273
6.706,3.297e-05,0.6044,189.4,-153.9,0.03541
2.72,0.0006444,1.199,2930,-13.63,0.0009283
0.6364,0.001363,1.72,2435,-3.059,0.0002614
2088000,0.000541,0.9261,567800000,-10.77,0.003677
991300,0.0006415,0.8338,176100000,-69.5,0.005629
79550,0.0001832,0.8076,14450000,-15.36,0.005505
5.746,0.01035,0.5,213.3,-8.243,0.02694
0.9797,0.005225,1.062,338.6,-60.58,0.002893
1.588,0.0007722,0.9586,426.9,-3.143,0.00372
433500,0.0005397,1.063,402400000,-4.861,0.001077
2554,0.0006892,0.7748,330800,-14.77,0.007721
3398000,0.0005758,0.94,995500000,-10.38,0.003413
2289000,0.0007756,0.6937,253200000,-7.421,0.00904
388000,0.0001611,0.7194,42870000,-6.489,0.009051
267900,0.0005548,0.8135,48120000,-1,0.005567
905700,0.0005752,1.005,413400000,-6.232,0.002191
77580,0.001123,0.6107,4338000,-87.12,0.01788
22.39,0.0006436,0.9043,5760,-69.19,0.003887
2.572,0.00124,0.8217,322.6,-83.84,0.007973
0.7034,0.001082,2,12150,-69.33,5.789e-05
0.697,0.001546,2,7844,-85.02,8.886e-05
0.7606,0.003235,0.8975,97.03,-7.104,0.007839
5.315,0.0007821,0.8156,1067,-6.568,0.004981
1.441,0.0007138,0.9622,377.4,-1.546,0.003818
1.026,0.0001488,1.934,19720,-5.266,5.203e-05
720600,0.0006057,0.7736,87550000,-66.94,0.008231
3.123,3.414e-05,0.9806,745,-131.4,0.004192
518200,0.0007594,0.6215,36960000,-3.488,0.01402
26720,0.001448,0.571,1160000,-77.88,0.02303
4.972,0.0005074,1.021,2456,-1.976,0.002024
8.441,0.000174,0.8134,1449,-7.164,0.005825
1515000,0.0007174,0.6835,158900000,-5.008,0.009534
5.446,0.0001681,0.9848,2595,-9.421,0.002099
321300,0.0001622,0.6278,19410000,-5.916,0.01655
2.607,0.0008686,0.7988,379.2,-3.422,0.006875
0.7163,0.002243,1.212,265,-11.77,0.002703
1.453,0.0005893,1.078,726.6,-4.559,0.002
3.982,0.0008628,0.6614,291.4,-1,0.01367
1575000,0.0006147,1.018,964400000,-72.61,0.001633
3.441,3.174e-05,0.7768,222.7,-144.4,0.01545
30150,0.0006254,0.7607,3242000,-66.58,0.0093
5.112,0.0005966,0.7898,846,-7.253,0.006043
2.225,0.0005608,0.9533,676.6,-13.05,0.003289
5.279,0.000598,0.9681,1616,-65.06,0.003267
0.7057,0.002105,2,13190,-7.99,5.35e-05
0.6785,0.001154,2,8400,-67.01,8.077e-05
515500,0.0005073,0.9106,170400000,-4.631,0.003025
2796000,0.0005495,0.8781,736800000,-4.205,0.003795
11.46,0.0007347,0.6635,976.3,-3.47,0.01174
3.795,0.0001759,0.8283,569.6,-6.305,0.006663
353300,0.0001631,0.6468,23910000,-5.382,0.01478
21.54,0.0005479,0.9214,6848,-3.353,0.003145
162000,0.0001477,0.6622,11840000,-8.238,0.01368
970700,0.0005479,0.8633,245100000,-3.968,0.00396
1.081,0.008144,0.917,193.9,-64.28,0.005575
81580,0.001203,0.6599,6250000,-85.4,0.01305
1942000,0.0006523,0.82,363500000,-1.914,0.005343
547100,0.001086,0.6298,43080000,-1.202,0.0127
760400,0.001212,0.6383,62350000,-2.924,0.0122
2.313,0.0008936,0.8267,404.5,-1.409,0.005718
0.9048,0.003221,0.7931,80.91,-12.27,0.01118
2123000,0.0005531,0.7981,3.51e+08,-1.065,0.006048
110000,0.0005801,0.9151,36690000,-3.169,0.002998
97090,0.0001692,0.6606,7636000,-3.569,0.01271
826600,0.0005614,0.7893,112300000,-65.07,0.007361
13.91,0.0001716,0.7492,1678,-5.59,0.00829
5.4,0.0001781,0.9332,1848,-7.681,0.002922
0.7827,0.0003293,1.83,6121,-1.002,0.0001279
2769000,0.000637,0.8465,563900000,-64.59,0.00491
0.6085,0.0008971,1.918,6409,-17.68,9.494e-05
150400,0.0002007,0.8258,35390000,-3.331,0.00425
1.246,0.0009074,1.491,2854,-83.74,0.0004366
2.008,0.0007239,0.9762,788.9,-4.115,0.002545
11560,0.001158,0.634,747800,-84.46,0.01546
2194000,0.0006212,0.7807,314900000,-2.238,0.006967
2834000,0.0005825,0.8132,5.14e+08,-2.173,0.005514
2496000,0.0006216,0.8521,508200000,-72,0.004911
26720,0.001448,0.571,1160000,-77.88,0.02303
495900,0.0007626,0.5418,21340000,-2.053,0.02324
25380,0.000192,0.6411,1736000,-2.032,0.01462
0.7508,0.001411,1.022,181.5,-19.31,0.004137
956100,0.0005487,0.9958,567700000,-4.303,0.001684
1.883,3.151e-05,1.253,965.8,-155.2,0.00195
0.9362,0.01605,1.075,357.1,-19.52,0.002622
678800,0.0005445,0.9937,389800000,-5.343,0.001741
3924000,0.0006985,0.8083,631900000,-63.73,0.00621
2.315,0.0007162,0.8424,400.9,-4.811,0.005775
430300,0.0004849,1.155,490400000,-64.38,0.0008774
1.542,8.065e-05,1.195,813.4,-7.041,0.001896
7.587,0.001067,0.6689,522.7,-82.93,0.01452
8.223,0.6474,0.5,241.1,-112.2,0.03411
0.6785,0.001154,2,8400,-67.01,8.077e-05
4.53,0.0008549,0.8714,1284,-5.869,0.003528
1121000,0.0008969,0.6152,76910000,-5.602,0.01458
2.19,0.0008808,0.8113,237.4,-78.23,0.009225
181600,0.0006322,0.8981,57030000,-1.281,0.003184
3.172,0.0001829,0.8298,475.2,-3.626,0.006675
0.9114,0.003241,0.9544,165.6,-75.91,0.005504
2.387,0.0007842,0.7812,308.3,-2.028,0.007742
4.514,0.0007442,0.8021,827.7,-4.606,0.005454
2437000,0.0005592,0.9471,7.86e+08,-7.604,0.003101
1291000,0.0005022,0.8201,2.31e+08,-3.469,0.005589
1.993,0.0006639,0.936,589.5,-4.566,0.003381
164300,0.0001605,0.6722,12980000,-9.048,0.01266
5.787,0.0007644,0.8007,1027,-9.58,0.005635
113500,0.0001722,0.6999,10860000,-6.094,0.01045
2568000,0.001009,0.6163,176400000,-3.518,0.01456
3.505,0.0001774,0.8459,576,-5.868,0.006085
0.68,0.001242,2,7989,-73.72,8.512e-05
5.293,0.0001945,0.9585,2048,-10.41,0.002584
1.535,0.0005731,1.052,638.2,-7.185,0.002405
1.153,0.0008465,1.457,1908,-74.74,0.0006043
0.6429,0.001859,1.759,4110,-5.514,0.0001564
5825,3.022e-05,0.5338,135500,-192.1,0.04299
2.572,0.00124,0.8217,322.6,-83.84,0.007973
818600,0.0004954,0.9763,4.09e+08,-5.228,0.002001
2.758,0.001023,0.843,483.5,-9.789,0.005704
617700,0.001114,0.5816,34310000,-1.499,0.018
1390000,0.0006869,0.7089,112200000,-63.35,0.01239
50020,0.0001635,0.7055,4972000,-8.457,0.01006
1193000,0.000536,1.079,865800000,-10.86,0.001378
207300,0.001082,0.6382,13930000,-82.3,0.01488
509100,0.000166,0.6307,32800000,-3.572,0.01552
84000,0.0008914,0.5877,4712000,-2.847,0.01783
0.644,0.00168,2,11200,-4.287,5.75e-05
0.8092,0.0004025,1.816,8249,-1.009,9.81e-05
0.798,0.002609,0.8473,79.86,-8.849,0.009992
4.733,0.0006213,1.026,1978,-67.49,0.002393
1.85,2.204e-05,1.5,2120,-148.6,0.0008726
748300,0.0005795,0.8046,1.14e+08,-66.59,0.006564
2.32,3.309e-05,1.079,692.4,-149.2,0.003351
72060,0.001124,0.505,2090000,-75.36,0.03448
1.974,0.0005938,0.8968,436,-5.444,0.004528
2.187,0.0006985,0.9482,676.9,-8.994,0.003231
760700,0.0009203,0.6801,78420000,-4.684,0.0097
4.652,0.001117,0.8224,773.2,-92.15,0.006017
3.274,0.001182,0.6148,129.4,-75.75,0.0253
200400,0.0001658,0.7237,21470000,-9.395,0.009334
0.7945,0.0003464,1.837,7694,-1,0.0001033
44380,0.0001919,0.6362,3020000,-1.069,0.0147
0.8652,0.01835,2,12720,-104.9,6.802e-05
0.9521,0.002165,0.9233,172.6,-11.21,0.005516
0.8148,0.006087,0.9858,158.6,-2.719,0.005137
0.5824,0.0009817,2,9526,-6.307,6.114e-05
541300,0.0005877,0.7985,77640000,-69.13,0.006972
2.513,3.129e-05,0.9845,435.5,-163.6,0.00577
0.5885,0.0007911,2,7635,-7.494,7.708e-05
1.118,0.0001521,1.502,2667,-5.477,0.0004192
1.819,0.001206,0.8088,163.9,-73.91,0.0111
2156000,0.0005659,0.9948,944700000,-7.923,0.002282
186700,0.0005464,0.9692,91160000,-2.022,0.002048
655500,0.000547,0.953,291100000,-2.432,0.002252
4.353,0.01957,0.5,127.2,-74.83,0.03422
1.536,0.0006947,0.9386,339.6,-3.631,0.004523
1403000,0.0006086,0.9693,621900000,-72.56,0.002256
655500,0.000547,0.953,291100000,-2.432,0.002252
4208000,0.0006625,0.8374,816300000,-67.49,0.005155
1.16,0.0008817,1.479,1945,-77.75,0.0005964
5.253,0.001038,0.7634,607.7,-93.24,0.008644
5.249,0.001015,0.7784,680,-88.51,0.007719
1.124,0.003262,0.6669,63.78,-2.771,0.01762
3977000,0.000692,0.8609,895900000,-70.63,0.004439
0.8114,0.005651,1.698,2493,-139.8,0.0003255
813900,0.0005387,1.055,699200000,-6.015,0.001164
1.036,0.8699,1.029,192.1,-78.6,0.005393
162700,0.001331,0.6088,10550000,-2.646,0.01542
920600,0.0005442,1.129,930500000,-10.8,0.0009894
448200,0.0004721,1.223,776200000,-65.48,0.0005774
1.066,0.004472,0.7234,68.47,-7.745,0.01557
1.077,0.003952,1.033,411.4,-66.8,0.002618
1.82,2.585e-05,1.561,3178,-162.2,0.0005727
26720,0.001448,0.571,1160000,-77.88,0.02303
2.627,0.0001983,1.048,1473,-4.403,0.001783
1.665,0.0008492,0.9835,524.9,-4.644,0.003172
626500,0.0008707,0.7375,93920000,-6.402,0.006671
59450,0.0007704,0.9018,25730000,-9.027,0.002311
161900,0.0006145,0.9159,49080000,-69.02,0.003299
3.904,3.169e-05,0.8176,362.7,-169.7,0.01076
2.791,0.0001992,0.9788,1071,-3.33,0.002606
0.9842,0.8257,1.275,590,-91.34,0.001668
0.7988,0.002547,1.303,659.8,-12.21,0.001211
1.679,0.002617,0.5,51.29,-10.41,0.03274
0.6383,0.001112,2,10610,-60.43,6.016e-05
1270000,0.001179,0.5221,41200000,-76.2,0.03083
373500,0.0008915,0.5906,22280000,-2.067,0.01676
115200,0.0006307,0.7653,12790000,-66.18,0.009007
3.08,0.001112,0.6728,179.5,-72.81,0.01716
30980,0.0001838,0.7807,5077000,-6.527,0.006102
1302000,0.0005233,0.8364,264600000,-3.545,0.004921
121200,0.0005459,0.9154,35630000,-73.02,0.003402
0.6634,0.0008402,2,9232,-10.14,7.186e-05
820400,0.0005276,0.8453,178300000,-5.907,0.004601
0.5971,0.000752,2,8799,-64.03,6.786e-05
232400,0.0006012,0.8756,53860000,-69.21,0.004315
0.9809,0.003988,0.9571,178.2,-65.33,0.005504
323600,0.0007819,0.6967,33020000,-21.79,0.0098
0.6711,0.001381,2,7922,-66.19,8.471e-05
1436000,0.0001922,0.7577,218200000,-3.162,0.006581
2.814,0.008443,0.5001,89.19,-67.23,0.03155
0.8391,0.003793,0.9177,93.17,-68.08,0.009006
2.291,0.001201,0.9536,616.5,-88.41,0.003716
11.46,0.0007347,0.6635,976.3,-3.47,0.01174
1.426,0.001029,1.254,1218,-83.05,0.001171
0.6359,0.0008431,2,10850,-13.59,5.861e-05
784400,0.0005211,0.924,291200000,-3.129,0.002694
312100,0.0001715,0.6975,30490000,-4.809,0.01024
0.5769,0.0004895,2,5741,-15.34,0.0001005
0.7911,0.005143,1.23,630.1,-4.331,0.001256
0.713,0.001875,1.478,1455,-69.6,0.00049
1272000,0.000526,0.9598,584200000,-4.265,0.002177
0.7281,0.002589,2,7220,-192.8,0.0001008
0.6418,0.001846,1.671,1607,-83.42,0.0003994
2.213,0.0002332,1.24,2518,-1,0.0008789
1.964,0.0001906,1.143,1568,-4.208,0.001253
1.827,0.000189,1.13,1318,-2.02,0.001386
956600,0.0009238,0.575,52610000,-2.033,0.01818
1.234,0.001,1.421,1753,-80.81,0.0007039
4.117,3.221e-05,0.7605,271.3,-170.7,0.01518
140800,0.000506,0.9141,45060000,-4.948,0.003125
31860,0.001238,0.6007,1937000,-3.308,0.01645
1.627,0.001036,1.075,605.1,-85.67,0.002689
573900,0.0005571,0.8091,100200000,-1,0.005728
4.277,0.0006523,0.8508,1030,-6.346,0.004152
1061000,0.0005277,1.029,557700000,-14.71,0.001902
2.046,0.0007209,0.7873,248.2,-2.118,0.008243
151500,0.0001463,0.6709,11730000,-10.07,0.01292
1.287,0.002561,0.5603,43.11,-20.72,0.02985
3328000,0.000633,0.7904,484300000,-64.35,0.006872
714200,0.0006616,0.6911,54980000,-15.21,0.01299
0.7543,0.001846,1.327,695.4,-63.64,0.001085
1663000,0.0006161,0.8591,371300000,-68.97,0.004479
408500,0.000875,0.667,37010000,-7.646,0.01104
93780,0.0001577,0.6817,7727000,-9.267,0.01214
7.794,0.0006565,0.7124,825.3,-6.952,0.009444
0.5401,0.000657,1.472,557.5,-1,0.0009688
551900,0.0007143,0.6132,36820000,-4.206,0.01499
1025000,0.0006911,0.8207,190700000,-17.81,0.005375
730000,0.0005352,1.131,718300000,-12.52,0.001016
443200,0.0001646,0.6758,36350000,-5.439,0.01219
823400,0.0005851,0.99,4.79e+08,-2.124,0.001719
0.8913,0.004393,1.088,310.8,-20.27,0.002868
6.71,0.0001872,0.8725,1747,-3.949,0.003841
519800,0.0006798,0.7498,78120000,-13.58,0.006654
1.215,0.0009631,1.443,2071,-77.79,0.0005867
0.7506,0.002096,2,11460,-75.3,6.55e-05
15.19,0.000686,0.7139,1734,-7.131,0.00876
0.9252,0.01037,0.805,97.93,-1,0.009448
3.108,0.003377,0.5,102,-8.706,0.03047
336000,0.0005733,0.8374,68880000,-1.552,0.004878
77800,0.0005877,1.094,88980000,-2.355,0.0008744
0.6437,0.0008762,1.991,6877,-9.194,9.36e-05
0.6594,0.00121,2,11400,-3.323,5.784e-05
0.7144,0.001725,0.9733,101.5,-9.242,0.007038
2.105,0.004217,0.5003,60.93,-63.92,0.03455
1.373,0.0008859,1.239,1086,-77.97,0.001264
181600,0.0006322,0.8981,57030000,-1.281,0.003184
1.557,0.0006759,1.134,1181,-5.745,0.001318
2011000,0.0001736,0.7808,325100000,-8.412,0.006186
276000,0.0004813,1.13,254300000,-69.13,0.001085
3178000,0.000519,0.833,644500000,-4.009,0.004931
55360,0.0001739,0.7626,7812000,-7.897,0.007087
2256000,0.0007006,0.6792,228900000,-5.336,0.009856
119900,0.001233,0.6065,7870000,-1.486,0.01524
0.9862,0.0001487,1.903,14470,-4.03,6.815e-05
2.753,0.001207,0.6937,167.2,-75.76,0.01647
1.42,0.001191,1.251,1204,-82.83,0.001179
0.7818,0.002728,2,11600,-71.29,6.74e-05
0.5824,0.0009817,2,9526,-6.307,6.114e-05
520200,0.0005081,0.8465,108100000,-4.759,0.004812
0.9728,0.002859,0.6711,59.97,-3.929,0.01622
134700,0.0005609,1.096,106400000,-9.284,0.001266
3.739,0.2003,0.5331,137.2,-64.58,0.02725
144100,0.0001598,0.7713,21990000,-9.647,0.006553
0.6812,0.001571,2,10240,-67.74,6.652e-05
1.467,0.0011,1.219,989,-88.87,0.001483
1.312,0.0006782,1.213,1120,-6.271,0.001171
0.8713,0.01088,1.535,2266,-76.75,0.0003845
452800,0.001083,0.6177,30590000,-4.858,0.0148
43230,0.0009984,0.6899,4006000,-88.01,0.01079
21.54,0.0005479,0.9214,6848,-3.353,0.003145
7.922,0.0006659,0.646,572.9,-3.886,0.01383
0.6307,0.001249,2,8262,-68.84,7.634e-05
0.8002,0.003253,1.58,1812,-56.49,0.0004416
1484000,0.0007546,0.6885,1.58e+08,-7.847,0.009392
0.6448,0.001309,1.279,308.7,-3.949,0.002089
3.125,3.47e-05,0.9322,541.7,-140.5,0.005769
2.394,0.001006,0.858,502,-2.661,0.004769
23580,0.000167,0.8533,5887000,-11.51,0.004005
4519000,2.993e-05,0.5629,127700000,-143,0.03539
1.167,3.576e-05,2,8611,-136.3,0.0001355
198600,0.000194,0.7773,34040000,-2.673,0.005834
442800,0.0001661,0.8225,96470000,-8.099,0.00459
952400,0.0006904,0.6522,79010000,-8.608,0.01205
0.8727,0.002011,0.9009,152.5,-18.89,0.005723
105000,0.0002027,0.6725,8968000,-1.52,0.01171
2138000,0.001255,0.5537,87060000,-79.49,0.02456
0.7575,0.003284,2,13420,-83.18,5.645e-05
3.212,3.025e-05,0.9825,780.5,-139.4,0.004115
79060,0.000608,0.9584,36140000,-1.849,0.002188
313500,0.0006147,0.8063,53710000,-1.003,0.005837
8158,0.001332,0.561,323500,-80.65,0.02522
170100,0.000196,0.685,16370000,-1.001,0.01039
1246000,0.0005517,0.8826,346600000,-2.963,0.003595
198600,0.000194,0.7773,34040000,-2.673,0.005834
0.8309,0.005236,0.965,145.5,-3.26,0.005711
1194000,0.0006545,0.6309,88860000,-5.959,0.01344
2.569,0.000763,0.8501,474.8,-6.921,0.005411
0.994,0.001716,0.5199,30.43,-6.307,0.03267
3.166,0.0001945,0.8583,616.4,-1.526,0.005136
1231000,0.001023,0.6518,108400000,-5.095,0.01136
0.5373,0.0006627,2,4407,-11.7,0.0001219
1.119,0.008126,0.8888,177.2,-64.68,0.006315
0.8727,0.002011,0.9009,152.5,-18.89,0.005723
1512000,0.0005219,0.955,632400000,-8.377,0.002391
1.3,3.288e-05,2,12310,-134.9,0.0001056
862300,0.00112,0.518,26480000,-79.07,0.03256
1.264,0.0006889,1.227,1229,-4.009,0.001028
5.131,0.001075,0.8225,887.1,-88.41,0.005784
54440,0.000176,0.7304,6427000,-5.7,0.008471
0.6812,0.001571,2,10240,-67.74,6.652e-05
5.484,0.0001852,0.931,1946,-5.368,0.002818
3.344,2.856e-05,0.7205,136.4,-163.1,0.02452
1545000,0.0007484,0.5811,85730000,-3.466,0.01802
523100,0.0008236,0.5604,24540000,-3.965,0.02132
4.072,0.0009612,0.655,282,-1.601,0.01444
3.154,0.01148,0.5121,92.91,-69.74,0.03395
1.026,0.004867,0.7468,73.55,-6.978,0.01395
311900,0.0005738,0.9092,91860000,-69.37,0.003395
1.984,8.089e-05,0.9539,398.6,-5.112,0.004977
0.6881,0.002249,2,12740,-68.51,5.401e-05
1452000,0.0005554,0.9842,811100000,-4.55,0.00179
1159000,0.0007456,0.5611,57200000,-3.827,0.02026
451600,0.001298,0.5372,15650000,-77.68,0.02886
3.077,3.077e-05,0.7893,185,-146.5,0.01663
0.627,0.001047,1.596,1774,-5.127,0.0003534
1.573,0.0009311,1.055,499.6,-82.92,0.003149
1444000,0.0006097,0.7864,184800000,-68.45,0.007814
302900,0.00086,0.5838,16460000,-3.185,0.0184
457800,0.0001569,0.7478,58520000,-9.611,0.007823
0.9108,0.004692,1.353,946.1,-82.18,0.0009627
1470000,0.0005422,0.8739,375600000,-4.438,0.003914
2.279,0.0006438,0.8049,317.1,-3.573,0.007187
163800,0.001065,0.5978,8276000,-84.97,0.01979
0.6954,0.001907,2,9967,-77.47,6.977e-05
560900,0.0005592,0.9088,187600000,-1.558,0.00299
1545000,0.0007484,0.5811,85730000,-3.466,0.01802
5.529,0.5084,0.5007,173.4,-68.83,0.03189
0.689,0.003394,0.855,76.57,-9.588,0.008998
2126000,0.0005955,0.7871,278200000,-66.04,0.007642
786200,0.0001834,0.7554,1.13e+08,-5.11,0.006958
724200,0.0005559,1.07,493800000,-16.54,0.001467
0.7685,0.002307,1.093,329.9,-11.38,0.002329
1.832,0.0003668,1.087,815.3,-1,0.002247
13.5,0.0008031,0.6857,1311,-5.033,0.0103
286600,0.0001665,0.7754,49280000,-5.328,0.005816
445600,0.0005679,0.9221,161200000,-2.885,0.002764
1.039,0.008216,0.9213,165.2,-137.4,0.006289
0.657,0.001836,2,14000,-2.596,4.693e-05
1088000,0.0005277,1.072,736800000,-14.18,0.001477
2.273,0.001126,0.8344,290.3,-80.63,0.00783
932500,0.0005364,0.8451,2.02e+08,-3.151,0.004616
232400,0.0006012,0.8756,53860000,-69.21,0.004315
1.316,0.0007265,1.293,1971,-6.581,0.0006677
0.7799,0.002225,1.139,330.8,-6.16,0.002358
0.6941,0.001421,2,8094,-77.04,8.575e-05
12.6,0.0005846,0.998,5782,-68.57,0.002179
165200,0.0001789,0.714,18380000,-4.248,0.008988
1.823,2.875e-05,1.265,852.4,-145.2,0.002139
1178000,0.0005255,1.067,772900000,-14.41,0.001524
0.7904,0.004742,1.376,764.6,-77.65,0.001034
1022000,0.0008652,0.6709,98020000,-5.418,0.01043
158000,0.000203,0.8064,29730000,-10.03,0.005314
3.188,3.234e-05,0.9877,799.2,-165.9,0.003989
618400,0.0006347,0.761,74870000,-14.27,0.00826
427700,0.0001588,0.7154,45630000,-6.985,0.009373
0.8022,0.01153,1.894,9322,-71.94,8.605e-05
2.586,0.001374,0.81,290.8,-90.42,0.008893
1.54,0.000782,1.082,815,-6.085,0.00189
0.5408,0.0006498,2,4284,-12.95,0.0001262
1.065,0.006915,0.8943,150.1,-142,0.007095
3.385,0.0001809,0.8143,469,-3.909,0.007217
1.119,0.008126,0.8888,177.2,-64.68,0.006315
547200,0.0005424,0.8041,91410000,-1.003,0.005986
809200,0.0006032,0.8565,195800000,-1.978,0.004133
4489000,0.0006365,0.7541,487900000,-68.93,0.009201
610900,0.0007176,0.6651,57470000,-5.496,0.01063
1.562,0.5957,0.6839,78.39,-84.22,0.01993
2.094,0.0009998,0.8295,249.9,-77.62,0.008379
1074000,0.0004704,1.012,463600000,-64.33,0.002317
2.77,0.00081,0.8484,482.6,-13.32,0.00574
1.322,3.433e-05,1.454,892.8,-144.9,0.001481
1588000,0.0005816,0.9858,896400000,-2.282,0.001772
1130000,0.0004813,0.9301,414200000,-5.575,0.002728
80.58,0.0002318,0.7222,7403,-1,0.01088
1520000,0.0004906,0.9,454900000,-6.4,0.003341
203300,0.0004875,0.9563,89510000,-3.806,0.002271
0.6853,0.001784,2,7450,-82.68,9.199e-05
2673000,0.000797,0.6986,307100000,-6.976,0.008704
1430000,0.0004755,1.076,907700000,-68.82,0.001575
723600,0.0004556,1.158,770200000,-67.04,0.0009395
176900,0.000822,0.5334,7216000,-1,0.02451
1061000,2.898e-05,0.5156,22270000,-151.8,0.04764
4.614,0.0007986,0.8329,1011,-6.212,0.004564
12.58,0.0008758,0.7144,1428,-6.85,0.00881
2.273,0.001126,0.8344,290.3,-80.63,0.00783
92360,0.000165,0.7194,9584000,-9.77,0.009637
1.819,0.001206,0.8088,163.9,-73.91,0.0111
729500,0.0006969,0.7613,122300000,-9.305,0.005965
861900,0.0006098,0.9232,278900000,-66.78,0.00309
2.357,0.0009794,0.7811,225,-78.07,0.01048
1.73,0.000694,1.106,1036,-15.06,0.00167
0.5806,0.0007713,2,5848,-4.306,9.928e-05
1.722,0.001037,0.9322,284.1,-81.87,0.006061
774100,0.0001612,0.799,138300000,-11.15,0.005597
310300,0.0001902,0.7944,58170000,-4.637,0.005334
1980000,0.0005869,0.9107,678300000,-2.884,0.002919
946100,0.0006275,0.7659,113600000,-65.86,0.008328
115800,0.0001481,0.7154,11130000,-16.4,0.0104
75290,3.441e-05,0.6916,5315000,-179.3,0.01417
0.67,0.001673,2,6116,-81.46,0.0001095
798900,0.000488,1.149,819700000,-68.14,0.0009746
5.213,0.0006327,1.085,3196,-73.31,0.001631
5.746,0.01035,0.5,213.3,-8.243,0.02694
1.911,0.0008352,0.9194,352.3,-82.44,0.005424
3.188,3.234e-05,0.9877,799.2,-165.9,0.003989
5.251,0.0006356,0.8192,1032,-9.324,0.005088
2.441,0.001004,0.8617,401.4,-78.8,0.006081
1.531,0.2058,0.651,91.67,-8.498,0.0167
163600,0.001012,0.7114,20840000,-4.484,0.00785
814800,0.000649,0.7903,112500000,-69,0.007243
1152000,0.0007056,0.8371,215200000,-74.38,0.005353
78580,0.0008599,0.5781,3960000,-5.261,0.01984
272900,0.0008206,0.7069,30040000,-17.79,0.009085
3.526,0.001097,0.6472,183.6,-73.05,0.0192
162200,0.0007534,0.786,3e+07,-26.67,0.005407
0.8536,0.0003854,1.752,5991,-2.948,0.0001425
6.265,0.001118,0.647,361.9,-82.72,0.01731
959100,0.000522,0.8054,167500000,-2.452,0.005726
321300,0.0005913,0.9248,101800000,-72.84,0.003156
457800,0.0001569,0.7478,58520000,-9.611,0.007823
3.243,0.00468,0.5,109,-7.741,0.02975
0.605,0.0009782,2,11780,-2.598,5.136e-05
0.6983,0.002971,0.9983,128.3,-4.088,0.005443
928500,0.0005933,0.9319,316900000,-71.93,0.00293
0.8439,0.003557,0.838,89.77,-1,0.009401
424100,0.0005528,1.224,791500000,-14.57,0.0005358
0.6076,0.001021,1.641,1687,-7.291,0.0003602
1.26,3.206e-05,2,8376,-126.7,0.0001504
0.9508,0.003832,0.6593,47.1,-68.03,0.02019
427600,0.0005689,1.048,359500000,-2.613,0.001189
523600,0.0001579,0.7671,77170000,-10.2,0.006785
1.178,0.0006423,1.231,1099,-2.475,0.001072
144100,0.0001598,0.7713,21990000,-9.647,0.006553
0.9733,0.01151,1.224,803.9,-72.58,0.001211
13670,0.001328,0.5423,489800,-77.54,0.02791
0.6587,0.001834,0.9479,101.4,-1.444,0.006496
1069000,0.0005665,0.9194,367700000,-7.616,0.002907
1038000,0.0005854,1.075,738600000,-8.734,0.001405
112900,0.0008561,0.588,6543000,-1.507,0.01726
2.642,0.0002036,0.9495,855.8,-1.816,0.003087
1.557,0.0006759,1.134,1181,-5.745,0.001318
19.62,0.0002124,0.7437,2606,-1,0.007529
365300,0.001036,0.6203,25890000,-3.2,0.01411
2748000,0.0006499,0.8209,454700000,-70.26,0.006044
0.63,0.001586,1.069,146.7,-1,0.004294
0.6408,0.0007893,2,11000,-17.24,5.825e-05
33300,0.0001825,0.769,5134000,-5.045,0.006486
1.872,0.007836,0.6873,136.4,-72.28,0.01372
1262000,0.0007333,0.7645,166200000,-13.34,0.007593
892100,0.0005885,0.8377,160500000,-69.44,0.005558
0.8913,0.004393,1.088,310.8,-20.27,0.002868
914500,0.0005404,1.066,597900000,-11.38,0.00153
3.422,0.0007851,0.647,217.4,-1,0.01574
0.7636,0.004999,2,18290,-68.31,4.175e-05
1899000,0.0005343,0.7839,275900000,-2.639,0.006883
2.964,0.0001983,0.874,626.4,-1.229,0.004732
138400,0.001015,0.5585,6582000,-1.513,0.02103
835600,0.001122,0.6212,58340000,-5.799,0.01432
1379000,0.000729,0.6623,123400000,-7.601,0.01118
1.665,0.001211,0.9541,306.6,-81.5,0.005431
458900,0.0005813,0.9013,126200000,-71.2,0.003636
11.55,0.001016,0.6564,786.1,-80.56,0.01469
16.3,3.339e-05,0.6532,772.7,-163.5,0.02109
0.7501,0.002608,1.591,1806,-71.17,0.0004153
946100,0.0006275,0.7659,113600000,-65.86,0.008328
6.41,0.0009467,0.6487,477,-1,0.01344
0.6141,0.001142,2,11010,-10.25,5.578e-05
722000,0.0005905,0.8682,177100000,-2.573,0.004077
0.6566,0.001762,1.665,2691,-6.33,0.000244
2.155,0.000641,0.9094,529.5,-7.263,0.00407
0.7572,0.002496,1.541,1449,-71.39,0.0005226
1246000,0.0005517,0.8826,346600000,-2.963,0.003595
0.8913,0.004393,1.088,310.8,-20.27,0.002868
0.6848,0.001553,1.136,299.3,-64.97,0.002288
967400,0.0005805,1.066,650200000,-9.019,0.001488
2143000,0.0005205,0.9338,820900000,-6.106,0.002611
2.43,0.0006261,0.9763,861.5,-27.82,0.002821
2.24,0.0007499,0.9797,878.5,-8.37,0.00255
814800,0.000649,0.7903,112500000,-69,0.007243
0.7203,0.001897,1.021,139.4,-7.009,0.005167
495900,0.0007626,0.5418,21340000,-2.053,0.02324
126800,0.0009795,0.5549,5850000,-1.852,0.02168
23.15,0.0001715,0.7323,2569,-5.886,0.009011
144100,0.0001598,0.7713,21990000,-9.647,0.006553
1463000,0.0006486,0.7893,207300000,-67.18,0.007057
528000,0.0005462,0.8984,160400000,-2.774,0.003292
1272000,0.000526,0.9598,584200000,-4.265,0.002177
2.25,0.001012,0.8772,518.8,-2.452,0.004337
37030,0.0001834,0.6338,2366000,-2.981,0.01565
0.7707,0.001525,1.41,1134,-24.45,0.0006796
1373000,0.0005605,0.8723,378300000,-2.604,0.003629
0.6648,0.0009037,1.899,4324,-64.23,0.0001537
1311000,0.0005441,0.7679,174800000,-2.703,0.0075
7.296,3.544e-05,0.7533,600.7,-159.1,0.01215
281300,0.001397,0.5709,12080000,-82.3,0.02329
6.843,0.0001736,0.8675,1575,-8.799,0.004345
962900,0.0005991,0.8152,151400000,-71.56,0.00636
9.197,0.0008118,0.6961,892.3,-7.13,0.01031
2.535,0.0006922,0.8133,398.7,-3.468,0.006358
847200,0.001031,0.643,63940000,-16.18,0.01325
809200,0.0006032,0.8565,195800000,-1.978,0.004133
2.532,0.0009811,0.8444,472.8,-4.653,0.005355
89210,0.0006179,0.701,10210000,-7.501,0.008738
0.7482,0.00271,1.313,656.2,-61.21,0.00114
1.642,0.0007562,0.9393,400.8,-3.43,0.004097
484900,0.000561,0.8502,97790000,-70.49,0.004959
707900,0.000525,1.154,838800000,-20.32,0.0008439
2.394,0.001006,0.858,502,-2.661,0.004769
0.691,0.002274,1.359,724.8,-2.5,0.0009534
317800,0.0005924,0.8474,64120000,-66.65,0.004956
1.654,0.0008356,1.128,931.2,-84.34,0.001776
2856000,0.0006356,0.7148,236400000,-65.31,0.01208
1650000,0.0007627,0.6835,164900000,-10.74,0.01001
0.773,0.003154,1.69,3681,-65.22,0.00021
12.16,0.0008108,0.6943,1288,-3.089,0.009441
0.6962,0.001957,2,9523,-75.97,7.311e-05
0.9917,0.0001548,1.5,2009,-1.907,0.0004936
2.565,0.001162,0.8152,293.7,-90.41,0.008733
1.288,2.783e-05,2,10790,-96.47,0.0001194
1.119,0.008126,0.8888,177.2,-64.68,0.006315
1.119,0.008126,0.8888,177.2,-64.68,0.006315
2.749,0.001183,0.8116,345.5,-81.18,0.007957
1.102,0.0001535,1.076,271.4,-1.868,0.00406
0.9704,0.004876,0.8257,97.68,-6.671,0.009934
119900,0.001233,0.6065,7870000,-1.486,0.01524
5842000,0.0006599,0.7256,547100000,-63.31,0.01068
0.6076,0.0008933,2,9080,-15.89,6.692e-05
0.6689,0.00111,2,6240,-73.91,0.0001072
1.543,0.0009128,1.081,589.7,-79.9,0.002617
1436000,0.0001922,0.7577,218200000,-3.162,0.006581
1663000,0.0006161,0.8591,371300000,-68.97,0.004479
1.066,0.004472,0.7234,68.47,-7.745,0.01557
644600,0.00101,0.6024,42350000,-1.133,0.01522
1.653,0.0009717,1.076,690.7,-80.27,0.002393
8.35,0.0008826,0.7348,1045,-6.539,0.00799
900700,0.0005546,1.1,758400000,-13.24,0.001188
7.57,0.2455,0.5008,274.7,-12.51,0.02756
51430,0.0006487,0.7145,4628000,-9.942,0.01111
0.6574,0.002165,1.177,250.5,-2.648,0.002624
308700,0.0001539,0.6377,18560000,-9.345,0.01663
513400,0.0001592,0.7697,81110000,-8.178,0.00633
0.6802,0.001179,0.9865,116.3,-4.18,0.005849
697700,0.000577,1.015,459400000,-4.226,0.001519
2.196,0.0005971,1.05,1327,-10.24,0.001655
11.72,0.5143,0.5,393.8,-72.96,0.02976
2748000,0.0006499,0.8209,454700000,-70.26,0.006044
902000,0.0006218,0.7876,121900000,-68.18,0.0074
1.483,0.002569,0.5659,55.06,-4.993,0.02693
1.799,0.02506,0.6059,87.66,-10.28,0.02052
1.223,0.0008241,1.384,3594,-2.165,0.0003403
3.319,0.0001856,0.8535,598.9,-3.446,0.005542
761300,0.001076,0.605,49740000,-3.257,0.01531
1.673,0.00116,0.9575,331.9,-78.68,0.005041
789800,0.0006869,0.756,94420000,-11.47,0.008365
1.856,0.0003987,1.073,766.9,-1,0.00242
1.574,0.002343,0.5114,41.82,-62.3,0.03764
9019000,0.001205,0.6308,678200000,-4.985,0.0133
1.632,0.0006459,1.156,1398,-9.955,0.001167
2.24,0.0007499,0.9797,878.5,-8.37,0.00255
2867000,0.0006809,0.7681,341900000,-66.5,0.008385
2.146,0.0007622,0.9976,924,-7.975,0.002323
244200,0.0007896,0.6444,20210000,-3.788,0.01208
0.6192,0.001056,1.869,3783,-66.96,0.0001637
24.98,0.0008963,0.5053,682.7,-74.41,0.03659
111400,0.0001602,0.6993,10540000,-9.333,0.01057
0.7632,0.00363,0.9121,71.64,-86.21,0.01065
526400,0.0005921,0.9266,173400000,-72.05,0.003036
0.802,0.006503,1.909,9871,-72.21,8.125e-05
1.635,0.002599,0.5,51.02,-5.515,0.03205
14.6,0.0007924,0.6767,1291,-7.577,0.01131
2.316,0.001083,0.9132,490.1,-85.53,0.004726
3.974,0.0008188,0.6258,221,-2.292,0.01798
1647000,0.0006297,0.7872,254100000,-1.001,0.006482
1.386,0.00104,1.119,513.9,-76.74,0.002697
27.06,0.0008549,0.694,2784,-7.27,0.00972
1.65,0.0007644,0.9488,400.5,-5.27,0.00412
734700,0.0005635,0.8248,137500000,-3.298,0.005343
1.901,0.0004053,1.093,926,-1,0.002053
1.355,0.0008925,1.262,1195,-77.78,0.001134
1647000,0.0006297,0.7872,254100000,-1.001,0.006482
31860,0.001238,0.6007,1937000,-3.308,0.01645
268200,0.001157,0.6213,17350000,-10.48,0.01546
336000,0.0005733,0.8374,68880000,-1.552,0.004878
42910,0.0001563,0.5861,1978000,-4.399,0.02169
35170,0.0001725,0.7269,4016000,-6.32,0.008757
1.059,0.6364,1.108,335.2,-116,0.003159
0.97,0.8129,1.314,691.8,-91.36,0.001402
7.57,0.2455,0.5008,274.7,-12.51,0.02756
1173,2.582e-05,0.5457,28440,-139.5,0.04124
1436000,0.0001922,0.7577,218200000,-3.162,0.006581
0.9529,0.01951,0.9262,137.8,-11.93,0.006915
54080,0.001204,0.6225,3191000,-88.03,0.01695
0.761,0.00444,1.529,1371,-72.68,0.0005551
0.9153,0.0004036,1.241,500.7,-2.643,0.001828
78.15,0.0007044,0.8115,12670,-15.34,0.006168
2.315,0.0007973,0.7934,301.7,-3.591,0.007673
0.5741,0.001492,1.221,226.1,-4.153,0.002539
0.6565,0.001312,2,6277,-91.48,0.0001046
663200,0.001268,0.6426,56280000,-2.601,0.01178
3617000,0.0006878,0.7074,324800000,-11.36,0.01114
2492,3.516e-05,0.6469,125600,-159.8,0.01984
0.7687,0.001566,0.9804,139.5,-64.46,0.00551
110000,0.0005801,0.9151,36690000,-3.169,0.002998
0.6099,0.0007634,2,9815,-3.231,6.214e-05
1.723,0.0009991,0.9378,308.6,-79.12,0.005583
3.28,0.0004137,0.8501,528.7,-1,0.006204
2.577,3.025e-05,0.9144,294.4,-169.1,0.008753
112900,0.0008561,0.588,6543000,-1.507,0.01726
770100,0.001049,0.6132,50210000,-5.249,0.01534
2.577,3.025e-05,0.9144,294.4,-169.1,0.008753
623900,0.0008218,0.5652,31410000,-2.069,0.01986
0.7694,0.002273,1.24,544.8,-4.976,0.001412
0.9175,0.002547,0.9545,191.9,-10.22,0.004781
255700,0.0001928,0.6796,22130000,-3.94,0.01155
505600,0.0001524,0.7619,69170000,-15.6,0.00731
0.6236,0.00124,0.8912,75.43,-4.85,0.008267
2.24,0.0007499,0.9797,878.5,-8.37,0.00255
3.584,3.173e-05,0.8017,283.5,-154.3,0.01264
1.065,0.006915,0.8943,150.1,-142,0.007095
1.829,2.406e-05,1.488,1978,-157.2,0.0009247
1551000,0.001078,0.6486,122100000,-14.75,0.0127
18.31,0.0001739,0.7687,2566,-5.666,0.007136
0.7594,0.003417,1.053,281,-7.635,0.002702
2.369,0.001006,0.8074,251.4,-83.83,0.009423
1.261,0.002627,0.5,42.18,-5.284,0.0299
0.8309,0.004611,1.084,332.6,-5.358,0.002498
3.077,0.009338,0.5,102.4,-62.56,0.03005
1501000,0.0006003,0.8707,336400000,-69.4,0.004462
3238000,0.0005297,0.8569,763200000,-5.516,0.004243
7.495,0.0009072,0.7469,1043,-4.249,0.007186
3.079,0.001188,0.6672,166.5,-75.95,0.01849
1.577,0.0009074,1.058,541.3,-80.11,0.002913
362300,0.0006803,0.8222,59710000,-66.52,0.006068
1.023,0.004702,0.6273,54.64,-1.912,0.01872
0.5914,0.0007265,2,5626,-8.789,0.0001051
1942000,0.0006523,0.82,363500000,-1.914,0.005343
1.557,0.0006084,1.133,1133,-7.888,0.001374
3176000,0.0005778,0.8582,813500000,-2.618,0.003904
1522000,0.0005869,0.7647,192600000,-2.249,0.007902
583600,0.0009605,0.5792,33200000,-1.705,0.01758
2.437,0.0001781,1.08,1613,-3.915,0.001511
1.719,0.001066,0.7938,130.2,-73.75,0.0132
1076000,0.0006159,0.8286,1.86e+08,-65.47,0.005785
0.7658,0.002577,1.165,368.9,-5.611,0.002076
1.541,0.000788,0.9773,455.2,-2.881,0.003385
1.766,0.001113,1.158,1299,-90.01,0.00136
4.74,0.0007294,0.7921,787.6,-6.923,0.006018
2.409,3.025e-05,0.9222,257.9,-178.3,0.009341
5563000,0.0001927,0.6461,397300000,-2.628,0.014
0.7373,0.002609,1.498,1403,-6.297,0.0005255
1.65,0.0007644,0.9488,400.5,-5.27,0.00412
5.788,0.001076,0.6926,443.5,-82.77,0.01305
1.148,0.006465,0.8981,163,-77.38,0.007043
720400,0.000507,0.7964,117700000,-2.858,0.006121
822700,0.0005936,0.9467,314700000,-70.14,0.002614
1.53,0.0006848,0.9258,334.2,-2.065,0.004578
3.779,0.01398,0.5,122.7,-12.32,0.0308
2.634,0.0001766,1.151,2702,-7.888,0.0009748
1652000,0.0006249,0.8418,370500000,-1.967,0.004459
1499000,0.0005235,0.8383,315600000,-3.821,0.00475
1.261,0.8042,0.9056,187,-170.8,0.006743
1.828,0.0004371,1.175,1415,-1,0.001292
2049000,0.0001726,0.7072,208600000,-6.748,0.009823
2.225,0.0002459,1.237,2491,-1,0.0008932
225100,0.0001445,0.6547,15400000,-9.692,0.01462
941600,0.0006668,0.7353,90630000,-66.15,0.01039
201800,0.00115,0.5057,5658000,-77.65,0.03567
0.7325,0.002754,1.695,2218,-77.45,0.0003303
445600,0.0005679,0.9221,161200000,-2.885,0.002764
353500,0.0001864,0.6744,29190000,-4.64,0.01211
0.9117,0.00372,1.13,402.5,-147.6,0.002265
248700,0.0008921,0.6824,26830000,-3.096,0.009269
2.527,0.001202,0.8375,357.5,-81,0.007069
125400,0.0001601,0.7185,14120000,-7.65,0.008881
536100,0.0005623,0.8898,160600000,-1.8,0.003338
22910,0.001258,0.5516,895100,-74.5,0.02559
290100,0.0006428,0.7232,37390000,-10.27,0.007759
2.398,0.0007711,0.9724,863.9,-15.37,0.002776
0.7608,0.005947,1.431,1280,-5.817,0.0005944
413600,0.0006675,0.6471,32770000,-7.506,0.01262
3011000,0.0008601,0.6113,199200000,-4.764,0.01512
2.618,0.0007544,0.8438,491.6,-4.937,0.005325
2123000,0.0005531,0.7981,3.51e+08,-1.065,0.006048
47800,0.0007664,0.5603,2291000,-1.775,0.02086
15480,0.001576,0.5601,613400,-80.62,0.02524
4782000,0.0005603,0.8579,955100000,-72.6,0.005007
750300,0.0004657,1.14,745300000,-67.42,0.001007
0.7562,0.001568,1.544,2254,-13.42,0.0003355
1.515,0.0007823,1.08,833.8,-4.11,0.001817
1.067,0.08704,0.7781,102.1,-4.541,0.01045
0.7149,0.001716,1.887,4977,-70.85,0.0001436
1.626,0.0009171,1.079,613.4,-85.82,0.002651
362900,0.00124,0.5322,12610000,-75.76,0.02878
0.7105,0.001466,1.178,369.3,-11.71,0.001924
1.087,0.02549,0.7816,102.2,-6.761,0.01064
3.618,2.929e-05,0.7613,217.8,-144.8,0.01661
1.405,2.749e-05,1.934,9418,-120.2,0.0001492
0.5967,0.0009642,2,9310,-4.587,6.409e-05
0.7065,0.002196,1.111,169.1,-71.72,0.004178
0.6278,0.001144,1.288,411.1,-64.95,0.001527
1.575,0.00076,0.9495,424.3,-1.686,0.003712
333000,0.0005922,0.9226,119700000,-2.004,0.002782
0.9304,0.007803,0.8599,111.1,-5.603,0.008374
1.393,0.006551,0.6647,66.21,-67.25,0.02104
3.413,0.001115,0.6134,142,-72.22,0.02404
1499000,0.0005796,0.7808,197400000,-68.03,0.007594
2.75,0.0006789,0.7943,357.1,-8.122,0.007701
35220,0.001111,0.5187,1105000,-74.32,0.03187
0.7079,0.001246,1.487,1063,-62.79,0.0006659
1836000,0.0006474,0.8394,350200000,-67.55,0.005243
443400,0.0005618,0.8869,111300000,-68.26,0.003984
0.5404,0.0006941,1.982,7274,-1.915,7.429e-05
0.8913,0.004393,1.088,310.8,-20.27,0.002868
2.428,0.0008908,0.8175,387.1,-3.124,0.006272
21.71,0.0002114,0.7392,2722,-2.273,0.007976
3.123,0.000189,0.8687,611.5,-3.058,0.005107
2.437,0.0001781,1.08,1613,-3.915,0.001511
670800,0.0004681,1.155,742800000,-65.41,0.0009031
1167000,0.0001573,0.6378,73320000,-6.363,0.01592
1.268,0.000814,1.364,3209,-3.68,0.0003951
6.191,0.0008915,0.6172,359.4,-2.257,0.01723
422400,0.0001889,0.7524,59700000,-4.356,0.007075
626500,0.0008707,0.7375,93920000,-6.402,0.006671
4.845,0.0008668,0.8637,1201,-14.59,0.004034
96940,0.000883,0.598,5559000,-5.657,0.01744
267500,0.0001642,0.6328,16840000,-5.383,0.01588
296100,0.0001571,0.8072,55400000,-13.37,0.005345
2.531,0.0008774,0.8082,366,-5.272,0.006915
2.948,3.689e-05,0.9439,533.8,-164.6,0.005523
0.7376,0.002604,1.177,309.1,-84.47,0.002386
2.35,0.0006362,0.7994,302.4,-5.702,0.007771
617700,0.001114,0.5816,34310000,-1.499,0.018
4.876,0.0006306,0.8226,928.5,-12.88,0.005251
312300,0.0005238,0.9501,127600000,-4.59,0.002447
908700,0.0005311,0.88,234800000,-8.39,0.00387
11.52,0.0007273,0.6582,911,-5.559,0.01265
1.206,0.0008246,1.181,481.2,-72.61,0.002506
2.527,0.001202,0.8375,357.5,-81,0.007069
1.119,0.008126,0.8888,177.2,-64.68,0.006315
111600,0.0006565,0.733,15870000,-7.205,0.007032
0.6542,0.001291,2,8313,-17.03,7.87e-05
82560,0.0005309,1.006,49950000,-3.865,0.001653
1.588,0.0007722,0.9586,426.9,-3.143,0.00372
276200,0.0001635,0.6272,17260000,-3.983,0.016
0.6022,0.0007898,1.329,330.3,-2.846,0.001823
1547000,0.0007185,0.819,269900000,-19.41,0.005732
3147000,0.0005457,0.9312,886700000,-10.47,0.003549
1724000,0.0005633,1.022,889800000,-11.5,0.001938
1600000,0.0005286,0.8719,410100000,-5.133,0.003901
1023000,0.000506,0.9851,555200000,-3.883,0.001843
0.545,0.0006588,2,5700,-8.511,9.561e-05
2114000,0.0005265,0.904,697800000,-3.474,0.00303
3.507,3.023e-05,0.811,288.1,-150.7,0.01217
8.745,0.0008233,0.7047,929.7,-4.697,0.009406
690300,0.000497,0.7886,1.04e+08,-4.348,0.006638
0.8968,0.01754,1.262,621.4,-67.31,0.001443
0.686,0.0008759,2,8248,-67.96,8.317e-05
4.774,0.0001669,1.045,3161,-11.53,0.00151
1.347,2.833e-05,1.505,1183,-129.5,0.001139
0.6139,0.0008867,2,9042,-10.58,6.789e-05
547100,0.001086,0.6298,43080000,-1.202,0.0127
0.7904,0.004742,1.376,764.6,-77.65,0.001034
2.076,0.000653,0.9199,565.5,-4.87,0.003671
1.092,0.00825,1.091,417.3,-93.31,0.002617
917600,0.0006014,0.9548,412900000,-3.669,0.002222
0.5401,0.0008434,2,9758,-3.158,5.535e-05
4.774,0.0007921,0.6068,243.3,-2.645,0.01962
0.773,0.003154,1.69,3681,-65.22,0.00021
2142000,0.0006771,0.7901,3.03e+08,-61.21,0.007069
913500,0.000588,0.8608,226200000,-1,0.004038
0.7034,0.001082,2,12150,-69.33,5.789e-05
2.541,0.0009273,0.8019,289.8,-78.71,0.008768
0.6348,0.001411,1.677,2211,-66.39,0.0002871
250600,0.0005143,0.9626,120800000,-4.41,0.002075
2.101,7.997e-05,0.8827,273.8,-6.298,0.007673
1958000,0.0005588,0.9752,723300000,-9.213,0.002707
1.116,0.0001585,1.083,324.1,-1.145,0.003443
0.7454,0.003643,2,11250,-82.98,6.626e-05
1039000,0.000605,0.892,280700000,-66.94,0.003701
0.6854,0.001122,2,10260,-67.69,6.68e-05
1.471,0.0008732,1.148,1254,-3.326,0.001173
947500,0.0007757,0.5853,54380000,-3.122,0.01742
3.236,0.0002185,0.9636,883.4,-1,0.003663
4492000,0.0006916,0.7535,493600000,-67.31,0.0091
0.8002,0.003253,1.58,1812,-56.49,0.0004416
125500,0.0001599,0.7749,18740000,-10.95,0.006697
489500,0.0009601,0.5874,26840000,-5.319,0.01824
1.755,0.01866,0.8695,401.3,-75.29,0.004373
161000,0.0001697,0.6635,12350000,-4.995,0.01304
1.828,0.0004371,1.175,1415,-1,0.001292
0.703,0.002894,2,12810,-12.75,5.488e-05
4.8,0.001046,0.8464,968.2,-85.39,0.004958
572400,0.00048,1.156,622500000,-65.91,0.0009195
2.349,3.531e-05,1.117,924.9,-136.6,0.00254
1.308,0.0009742,1.24,850.8,-80.22,0.001537
1.465,8.211e-05,1.253,1194,-3.874,0.001227
581900,0.0005057,1.013,366600000,-6.075,0.001587
2.428,0.0008908,0.8175,387.1,-3.124,0.006272
1.271,0.0001518,1.077,353.2,-5.538,0.003599
2.041,0.000774,1.017,1014,-5.553,0.002013
806000,0.0001676,0.8201,166200000,-8.785,0.00485
3.08,0.0001943,0.9075,780.9,-2.784,0.003944
506300,0.0007643,0.7022,56630000,-9.626,0.00894
13890,0.000696,0.7777,1900000,-9.933,0.007311
161900,0.0006145,0.9159,49080000,-69.02,0.003299
2839000,0.0005105,0.8755,748800000,-2.84,0.003791
451100,0.001085,0.6246,33080000,-2.857,0.01364
5.324,0.01409,0.5,179.5,-45.43,0.02966
6.227,0.0004108,1.165,6254,-1,0.0009957
1187000,0.0006135,0.8638,257600000,-71.27,0.004608
1642000,0.000852,0.5647,79770000,-3.572,0.02058
2.076,0.000653,0.9199,565.5,-4.87,0.003671
0.7988,0.002547,1.303,659.8,-12.21,0.001211
5825,3.022e-05,0.5338,135500,-192.1,0.04299
21.71,0.0002114,0.7392,2722,-2.273,0.007976
1.185,0.0001642,1.09,435,-1.017,0.002724
0.9799,0.00208,0.897,157,-12.08,0.006241
0.8492,0.003365,1.104,316.5,-71.72,0.002683
6.356,0.0001823,0.8781,1630,-5.75,0.003899
2112000,0.0006398,0.8843,517500000,-75.04,0.004081
185200,0.0001695,0.6731,16040000,-3.917,0.01155
2867000,0.0006809,0.7681,341900000,-66.5,0.008385
2.397,0.0007084,0.8336,377.6,-7.242,0.006348
1272000,0.000526,0.9598,584200000,-4.265,0.002177
130500,0.0008015,0.6421,10300000,-5.598,0.01267
688600,0.0005307,1.026,498700000,-3.777,0.001381
135400,0.0001724,0.5996,6749000,-3.966,0.02006
0.6552,0.001316,1.593,1445,-3.696,0.0004534
1874000,0.0005957,0.8522,390500000,-66.5,0.004799
0.7861,0.002982,1.385,794.7,-76.31,0.0009892
365300,0.001036,0.6203,25890000,-3.2,0.01411
121900,0.001006,0.6164,8335000,-2.502,0.01463
2.935,0.0001793,0.8065,380.1,-2.27,0.007722
0.6436,0.0007001,2,8911,-61.19,7.223e-05
754800,0.0005528,1.083,806100000,-3.35,0.0009364
4797000,0.0006546,0.72,432300000,-63.8,0.0111
1.932,0.0008148,0.8178,193.3,-77.9,0.009995
2586000,0.0006815,0.8723,637200000,-68.78,0.004058
321800,0.0006304,0.7995,45600000,-69.4,0.007057
0.7518,0.002779,2,14580,-67.81,5.156e-05
3.092,0.0002445,1.015,1138,-1,0.002717
1.296,0.000905,1.132,480.6,-73.21,0.002697
279300,0.0005827,0.934,112400000,-1.619,0.002485
334600,0.0001774,0.7013,33560000,-4.044,0.00997
0.8538,0.002567,0.9171,111.2,-6.288,0.007678
1.353,3.628e-05,1.999,11790,-157.1,0.0001148
2.11,3.839e-05,1.184,950.4,-159.7,0.00222
1135000,0.0005521,1.064,761900000,-9.505,0.00149
2.088,0.0007114,0.9597,754.1,-4.367,0.002769
334600,0.0001774,0.7013,33560000,-4.044,0.00997
949300,0.0005179,0.9369,273900000,-8.834,0.003466
760300,0.0006696,0.7711,102300000,-17.37,0.007432
2.313,3.978e-05,1.182,1387,-167.7,0.001668
2.218,3.015e-05,1.077,588.1,-163.1,0.003771
8.441,0.000174,0.8134,1449,-7.164,0.005825
420400,0.0005063,1.004,250700000,-6.657,0.001677
0.5787,0.001121,1.795,3210,-2.797,0.0001803
1159000,0.0005273,1.043,644300000,-17.9,0.001799
1436000,0.0001922,0.7577,218200000,-3.162,0.006581
6.197,0.001149,0.6571,418.5,-8.346,0.01481
233900,0.0001626,0.8001,44160000,-9.461,0.005297
1246000,0.0005517,0.8826,346600000,-2.963,0.003595
0.8394,0.002564,0.751,53.12,-11.23,0.0158
0.6418,0.001846,1.671,1607,-83.42,0.0003994
0.7429,0.001765,1.559,1265,-75.6,0.0005873
1.557,0.0006759,1.134,1181,-5.745,0.001318
440300,0.0001671,0.6503,31830000,-3.247,0.01383
374400,0.0006963,0.7446,56840000,-10.35,0.006587
900700,0.0005546,1.1,758400000,-13.24,0.001188
20.89,0.0005997,0.9069,5360,-70.47,0.003897
22.89,0.0007165,0.6451,1788,-3.798,0.0128
151400,0.000642,0.5271,5691000,-2.823,0.0266
7.84,0.0009747,0.6288,414.4,-83.13,0.01892
67.32,0.0001932,0.7176,7116,-5.054,0.00946
2.069,2.12e-05,1.069,268.5,-126.3,0.007706
0.9018,0.008588,1.263,624.7,-68.32,0.001444
2.914,0.009254,0.5,95.31,-63.45,0.03057
579600,0.0005804,0.9146,177100000,-69.18,0.003273
0.9329,0.006634,1.137,340.1,-72.8,0.002743
1.277,0.005877,0.7501,109.6,-84.64,0.01165
1082000,0.0005551,0.9887,597100000,-3.27,0.001812
68510,0.0001517,0.7253,7128000,-13.7,0.009611
39.26,0.0007723,0.657,3163,-8.063,0.01241
1455000,0.0005898,0.8195,282900000,-1.001,0.005143
35.19,0.0005806,0.8671,7273,-68.55,0.004838
5222000,0.001091,0.6711,531500000,-5.388,0.009825
3.253,0.005363,0.5,99.58,-28.46,0.03267
1.87,3.293e-05,1.256,956,-141.5,0.001956
5482000,0.001231,0.5689,243600000,-78.45,0.0225
0.7582,0.002567,1.268,614,-4.603,0.001235
1031000,0.0005455,0.7703,143400000,-1.566,0.00719
1.374,3.647e-05,2,13900,-162.5,9.885e-05
39520,0.00074,0.5526,1719000,-3.97,0.02299
7124,0.0001947,0.6798,613100,-3.649,0.01162
0.6887,0.002609,1.15,332.8,-7.117,0.002069
1.818,0.005247,0.693,157.8,-17.56,0.01152
767200,0.0005905,0.8416,148800000,-66.91,0.005156
138400,0.001015,0.5585,6582000,-1.513,0.02103
35170,0.0001725,0.7269,4016000,-6.32,0.008757
952400,0.0006904,0.6522,79010000,-8.608,0.01205
2.352,2.985e-05,1.147,1085,-132.3,0.002168
3.171,3.329e-05,0.9355,566.4,-153.8,0.005599
0.6755,0.002609,1.462,1155,-8.924,0.0005848
7401000,0.0006337,0.7094,615100000,-61.32,0.01203
1562000,0.000554,0.9396,645500000,-2.611,0.00242
0.7443,0.002321,1.431,1250,-13.76,0.0005954
3415000,0.0006007,0.852,800200000,-2.117,0.004268
626500,0.0008707,0.7375,93920000,-6.402,0.006671
581900,0.0005057,1.013,366600000,-6.075,0.001587
4.531,0.001097,0.6729,349.5,-3.021,0.01296
422200,0.000729,0.7602,73860000,-6.821,0.005716
4.345,0.0006222,1.139,3747,-67.36,0.00116
1.222,0.01543,0.6942,79.72,-7.31,0.01533
1.065,0.003011,0.6006,40.96,-69.8,0.026
1215000,0.0006432,0.8342,223500000,-67.82,0.005436
0.7337,0.004283,1.148,246.4,-9.896,0.002978
388000,0.0001806,0.7047,40220000,-3.572,0.009647
1737000,0.0007432,0.7345,172900000,-17.52,0.01005
1.545,0.0008716,1.018,608.3,-2.472,0.00254
1.03,0.01391,1.045,289.6,-73.68,0.003557
451100,0.001085,0.6246,33080000,-2.857,0.01364
32.76,0.0007831,0.6664,2901,-5.403,0.01129
0.9704,0.004876,0.8257,97.68,-6.671,0.009934
264000,0.001088,0.6128,18280000,-1,0.01444
0.6004,0.001457,1.139,168.2,-8.715,0.00357
1.289,0.0009633,1.165,519.9,-76.23,0.002479
15570,0.0001605,0.7689,2281000,-8.193,0.006826
1.282,2.6e-05,1.445,768.2,-85.62,0.001669
2.187,0.0007006,0.9455,701.6,-6.506,0.003117
7.22,0.00148,0.6865,537.6,-93.38,0.01343
1.423,0.0008066,1.11,959.5,-2.11,0.001483
631800,0.0006193,0.9025,172400000,-71.03,0.003665
1.837,0.0002066,1.275,3442,-2.6,0.0005337
13.78,3.929e-05,0.6246,524.1,-186.2,0.02629
2.445,0.001372,0.8324,306,-89.89,0.00799
2.727,0.0008563,0.7889,358.7,-5.646,0.007602
3.444,2.543e-05,0.7171,137.3,-159.6,0.02508
3186000,0.0007905,0.7022,386600000,-4.996,0.008241
192700,0.0008307,0.5798,10140000,-3.522,0.019
1.737,0.001089,0.9848,429.9,-79.11,0.00404
126300,0.0001749,0.7665,18420000,-7.424,0.006857
4908000,0.0005833,0.8277,852600000,-68.17,0.005757
2.532,0.0009811,0.8444,472.8,-4.653,0.005355
954.1,0.001512,0.5757,42730,-77.67,0.02233
630800,0.0006254,0.7942,86170000,-69.64,0.00732
4.107,0.001144,0.617,178.4,-76.36,0.02302
1373000,0.0005605,0.8723,378300000,-2.604,0.003629
774800,0.0007031,0.787,109700000,-18.37,0.007063
2150000,0.0006461,0.735,210800000,-62.58,0.0102
2.041,0.000774,1.017,1014,-5.553,0.002013
1097000,0.0006267,0.7927,153500000,-67.84,0.007147
1082000,0.0005551,0.9887,597100000,-3.27,0.001812
1.927,3.546e-05,1.264,1157,-148.6,0.001666
1.269,3.54e-05,2,12330,-145.7,0.0001029
881000,0.0005142,0.9898,495200000,-3.653,0.001779
0.7532,0.002206,2,11060,-82.27,6.81e-05
1006000,0.0006012,0.8162,164200000,-70.27,0.006127
0.7271,0.002305,1.771,3862,-63.13,0.0001883
145900,0.0001472,0.7317,16630000,-14.07,0.008773
0.6267,0.00117,2,6985,-11.21,8.972e-05
0.9931,0.007503,0.7827,84.94,-5.115,0.01169
6.579,0.0004315,1.149,6063,-1.001,0.001085
1.573,0.01435,0.7508,135.3,-81.72,0.01163
0.9555,0.01296,1.05,324.2,-20.59,0.002947
1.722,0.001116,1.077,723.7,-85.56,0.002379
893800,0.0005618,0.8595,185900000,-71.46,0.004808
0.8104,0.001804,0.8656,84.84,-12.52,0.009552
359000,0.0006113,0.8171,59420000,-63.38,0.006042
1435000,0.0007015,0.6606,130400000,-5.818,0.011
1459000,0.0007223,0.5767,78160000,-3.839,0.01867
1387000,0.0006167,0.7992,206800000,-64.77,0.006707
0.8073,0.0003536,1.837,9265,-1,8.713e-05
1.178,0.0006423,1.231,1099,-2.475,0.001072
2.456,2.749e-05,0.9184,258.5,-159.7,0.009501
1121000,0.0005858,0.8437,241800000,-3.48,0.004636
0.916,0.003614,1.334,1442,-69.85,0.0006352
995500,0.0007032,0.8181,153300000,-71.93,0.006494
2575000,0.0006683,0.8693,587500000,-69.89,0.004383
1520000,0.0004906,0.9,454900000,-6.4,0.003341
0.9883,0.0001549,1.924,19390,-3.21,5.097e-05
1.56,0.001061,0.9606,280,-78.45,0.005571
0.6858,0.0007477,2,8788,-16.06,7.804e-05
2.035,0.000807,0.7923,181.4,-78.14,0.01122
1.51,0.01193,0.6875,97.43,-154.2,0.0155
20.69,0.0001782,0.7383,2486,-3.621,0.008323
454300,0.0005463,0.8782,122300000,-3.214,0.003715
0.7028,0.00174,1.466,975.9,-60.82,0.0007202
54440,0.000176,0.7304,6427000,-5.7,0.008471
536700,0.000142,0.6341,32360000,-10.87,0.01659
1.673,0.00116,0.9575,331.9,-78.68,0.005041
2.303,0.0009529,0.9173,492.6,-85.65,0.004675
1.18,0.01393,0.6827,62.79,-73.38,0.01879
1.226,0.03383,0.8787,207.3,-66.94,0.005914
2.349,3.531e-05,1.117,924.9,-136.6,0.00254
1942000,0.0006523,0.82,363500000,-1.914,0.005343
10770,3.252e-05,0.5661,311500,-159.7,0.03457
761300,0.001076,0.605,49740000,-3.257,0.01531
0.8914,0.01135,1.29,701.4,-67.9,0.001271
0.564,0.000521,2,6098,-7.106,9.249e-05
1483000,0.0006389,0.8036,227500000,-66.4,0.006519
369800,0.001275,0.6331,26390000,-10.79,0.01401
35130,0.001424,0.5298,1151000,-82.5,0.03052
1.426,0.0009558,1.291,1617,-83.82,0.0008819
2529000,0.0004981,0.8131,442600000,-3.815,0.005714
0.6345,0.002018,1.187,223.8,-3.515,0.002835
866000,0.0007172,0.7764,104700000,-71.7,0.008271
0.7288,0.002901,1.533,1638,-5.87,0.0004449
2012000,0.0005444,0.9315,768100000,-3.851,0.002619
379400,0.001438,0.5959,19800000,-81.41,0.01916
4031000,0.0005674,0.8052,6.73e+08,-3.63,0.00599
4.773,0.0006175,0.8977,1011,-12.91,0.004721
760700,0.0009203,0.6801,78420000,-4.684,0.0097
3.246,3.106e-05,0.7651,175.5,-165.7,0.0185
0.5885,0.001331,2,11560,-3.361,5.091e-05
3415000,0.0006007,0.852,800200000,-2.117,0.004268
1351000,0.0005273,1.019,920600000,-4.785,0.001468
249700,0.0008911,0.5785,12750000,-6.24,0.01958
